,0,1,2,3,4,5,6,7,8,9
0,1019341_0.jpg,398364_0.jpg,416842_0.jpg,1249554_0.jpg,2355517_0.jpg,2504691_0.jpg,2805603_0.jpg,1572390_0.jpg,2237918_0.jpg,1420575_0.jpg
1,102007_0.jpg,169833_1.jpg,82327_0.jpg,93066_0.jpg,158253_1.jpg,169833_0.jpg,207219_3.jpg,9963_0.jpg,681146_0.jpg,77238_0.jpg
2,10276_0.jpg,10276_2.jpg,10276_1.jpg,153842_0.jpg,84331_0.jpg,152138_1.jpg,73039_0.jpg,69399_0.jpg,152138_0.jpg,173417_0.jpg
3,10276_1.jpg,10276_0.jpg,10276_2.jpg,153842_0.jpg,84331_0.jpg,164307_0.jpg,73039_0.jpg,152138_1.jpg,69399_0.jpg,158253_0.jpg
4,10276_2.jpg,10276_0.jpg,10276_1.jpg,153842_0.jpg,84331_0.jpg,164307_0.jpg,69399_0.jpg,73039_0.jpg,152138_1.jpg,152138_0.jpg
5,104329_0.jpg,1448807_0.jpg,89222_0.jpg,224545_0.jpg,263295_0.jpg,27145_3.jpg,227211_0.jpg,52318_1.jpg,174474_0.jpg,352891_0.jpg
6,106696_0.jpg,106696_1.jpg,299814_0.jpg,557972_0.jpg,156937_0.jpg,202734_0.jpg,48056_0.jpg,27892_0.jpg,60820_3.jpg,27145_2.jpg
7,106696_1.jpg,106696_0.jpg,76829_2.jpg,156937_0.jpg,299814_0.jpg,182075_0.jpg,47230_1.jpg,27145_2.jpg,1226413_2.jpg,202734_0.jpg
8,10683_0.jpg,27145_0.jpg,566684_0.jpg,47230_0.jpg,345269_0.jpg,73039_1.jpg,518741_0.jpg,284582_0.jpg,61285_2.jpg,704279_0.jpg
9,10683_1.jpg,9963_0.jpg,52318_2.jpg,76829_1.jpg,343250_1.jpg,34029_0.jpg,73039_2.jpg,128547_2.jpg,358941_3.jpg,52318_3.jpg
10,108240_0.jpg,184199_0.jpg,108240_1.jpg,69399_0.jpg,10276_2.jpg,10276_1.jpg,10276_0.jpg,17592_0.jpg,47230_0.jpg,38356_0.jpg
11,108240_1.jpg,108240_0.jpg,193239_1.jpg,193239_0.jpg,69399_0.jpg,64589_1.jpg,47230_0.jpg,64589_0.jpg,73039_2.jpg,184199_0.jpg
12,1107015_0.jpg,2355517_0.jpg,2805603_0.jpg,2504691_0.jpg,2471963_0.jpg,1420575_0.jpg,1249554_0.jpg,1326334_0.jpg,1404618_0.jpg,1019341_0.jpg
13,111884_0.jpg,59365_0.jpg,317204_0.jpg,58341_2.jpg,73039_0.jpg,140288_0.jpg,243571_0.jpg,344752_0.jpg,47230_0.jpg,76829_0.jpg
14,111884_1.jpg,237396_0.jpg,4695_0.jpg,279668_0.jpg,601020_0.jpg,358541_1.jpg,284582_3.jpg,124662_2.jpg,317145_0.jpg,7897_1.jpg
15,113074_0.jpg,78269_2.jpg,292897_1.jpg,174477_2.jpg,38356_0.jpg,71106_0.jpg,174477_0.jpg,61285_2.jpg,681146_0.jpg,66440_0.jpg
16,113074_1.jpg,227812_0.jpg,2813191_0.jpg,1572390_0.jpg,445476_0.jpg,200225_1.jpg,200225_0.jpg,200225_3.jpg,200225_2.jpg,2237918_0.jpg
17,113074_2.jpg,1019341_0.jpg,227812_0.jpg,113074_1.jpg,200225_2.jpg,200225_0.jpg,200225_3.jpg,200225_1.jpg,416842_0.jpg,174477_0.jpg
18,113815_0.jpg,28993_0.jpg,1226413_1.jpg,227812_0.jpg,1226413_0.jpg,64589_0.jpg,1226413_2.jpg,284582_0.jpg,313745_0.jpg,66440_0.jpg
19,113816_0.jpg,681146_0.jpg,345269_0.jpg,146287_1.jpg,317951_0.jpg,641459_2.jpg,66440_0.jpg,27892_1.jpg,370006_0.jpg,38356_0.jpg
20,119362_0.jpg,227812_0.jpg,292897_0.jpg,113074_1.jpg,2813191_0.jpg,200225_1.jpg,200225_3.jpg,200225_0.jpg,200225_2.jpg,445476_0.jpg
21,1226413_0.jpg,2355819_0.jpg,1572390_0.jpg,113074_1.jpg,1736001_0.jpg,445476_0.jpg,131615_0.jpg,2237918_0.jpg,227812_0.jpg,119362_0.jpg
22,1226413_1.jpg,1226413_2.jpg,227812_1.jpg,202734_0.jpg,84331_0.jpg,97571_1.jpg,416842_0.jpg,1019341_0.jpg,113074_2.jpg,641775_0.jpg
23,1226413_2.jpg,1226413_1.jpg,182672_0.jpg,182672_1.jpg,227812_1.jpg,84331_0.jpg,167175_0.jpg,97571_1.jpg,601020_0.jpg,156937_0.jpg
24,12267_0.jpg,27320_0.jpg,70208_0.jpg,34029_1.jpg,68486_0.jpg,68486_1.jpg,594043_3.jpg,70208_1.jpg,58488_0.jpg,594043_2.jpg
25,124662_0.jpg,317951_0.jpg,263295_0.jpg,124662_1.jpg,89222_0.jpg,215959_0.jpg,681146_0.jpg,78269_2.jpg,182075_0.jpg,27892_1.jpg
26,124662_1.jpg,27892_1.jpg,215959_0.jpg,124662_0.jpg,579615_0.jpg,54720_1.jpg,317951_0.jpg,8466_0.jpg,124662_2.jpg,681146_0.jpg
27,124662_2.jpg,284582_3.jpg,8466_0.jpg,358541_1.jpg,77238_0.jpg,27892_1.jpg,255975_0.jpg,111884_1.jpg,27145_0.jpg,344752_0.jpg
28,1249554_0.jpg,2355517_0.jpg,398364_0.jpg,416842_0.jpg,1019341_0.jpg,2504691_0.jpg,2805603_0.jpg,1420575_0.jpg,982159_0.jpg,1107015_0.jpg
29,128547_0.jpg,152138_0.jpg,73039_0.jpg,152138_1.jpg,69399_0.jpg,153842_0.jpg,140288_0.jpg,158253_0.jpg,58341_2.jpg,128547_1.jpg
30,128547_1.jpg,131615_0.jpg,128547_0.jpg,152138_0.jpg,152138_1.jpg,128547_2.jpg,69399_0.jpg,153842_0.jpg,10276_0.jpg,10276_2.jpg
31,128547_2.jpg,128547_0.jpg,128547_1.jpg,317204_0.jpg,111884_0.jpg,71106_0.jpg,69399_0.jpg,76829_0.jpg,76829_3.jpg,73039_0.jpg
32,131615_0.jpg,128547_1.jpg,1226413_0.jpg,69399_0.jpg,65751_0.jpg,10276_2.jpg,668068_0.jpg,131615_1.jpg,2561085_0.jpg,1736001_0.jpg
33,131615_1.jpg,131615_0.jpg,73039_0.jpg,69399_0.jpg,73039_2.jpg,76829_0.jpg,111884_0.jpg,47230_0.jpg,128547_2.jpg,259470_0.jpg
34,1326334_0.jpg,2471963_0.jpg,2805603_0.jpg,1420575_0.jpg,2355517_0.jpg,2504691_0.jpg,1107015_0.jpg,1959992_0.jpg,1019341_0.jpg,1249554_0.jpg
35,132747_0.jpg,215959_0.jpg,77238_1.jpg,284582_0.jpg,299814_0.jpg,66440_0.jpg,579615_0.jpg,182075_0.jpg,557972_0.jpg,263295_0.jpg
36,133441_0.jpg,133441_2.jpg,128547_0.jpg,128547_1.jpg,306301_0.jpg,76829_1.jpg,69399_0.jpg,58341_2.jpg,140288_0.jpg,128547_2.jpg
37,133441_1.jpg,343250_2.jpg,641459_2.jpg,601020_0.jpg,133441_3.jpg,146287_1.jpg,111884_1.jpg,299814_1.jpg,7897_1.jpg,59759_1.jpg
38,133441_2.jpg,76829_1.jpg,133441_0.jpg,343250_1.jpg,128547_2.jpg,140288_0.jpg,294599_0.jpg,158253_1.jpg,73039_2.jpg,306301_0.jpg
39,133441_3.jpg,641459_2.jpg,131615_0.jpg,133441_1.jpg,352891_0.jpg,3443_1.jpg,3443_0.jpg,279668_0.jpg,28598_0.jpg,142455_0.jpg
40,140288_0.jpg,58341_2.jpg,76829_3.jpg,317204_0.jpg,158253_0.jpg,73039_1.jpg,73039_0.jpg,59365_0.jpg,47230_0.jpg,47230_1.jpg
41,1404618_0.jpg,1107015_0.jpg,2471963_0.jpg,1420575_0.jpg,2805603_0.jpg,84331_0.jpg,1326334_0.jpg,10276_1.jpg,10276_0.jpg,2355517_0.jpg
42,1420575_0.jpg,2355517_0.jpg,1249554_0.jpg,2805603_0.jpg,1107015_0.jpg,1326334_0.jpg,2471963_0.jpg,2504691_0.jpg,1019341_0.jpg,398364_0.jpg
43,142455_0.jpg,3443_1.jpg,3443_0.jpg,352891_0.jpg,28598_0.jpg,317145_0.jpg,332496_0.jpg,142455_1.jpg,358941_0.jpg,97571_0.jpg
44,142455_1.jpg,358941_2.jpg,97571_1.jpg,142455_0.jpg,3443_0.jpg,174029_0.jpg,358941_1.jpg,174029_1.jpg,3443_1.jpg,317145_0.jpg
45,1448807_0.jpg,982159_0.jpg,34029_0.jpg,34029_1.jpg,104329_0.jpg,1249554_0.jpg,332496_0.jpg,185639_0.jpg,182672_1.jpg,182672_0.jpg
46,145708_0.jpg,32006_0.jpg,158465_3.jpg,158465_2.jpg,200225_3.jpg,200225_2.jpg,200225_1.jpg,200225_0.jpg,156937_0.jpg,77238_0.jpg
47,146287_0.jpg,152138_1.jpg,59759_1.jpg,358941_2.jpg,34029_0.jpg,84331_0.jpg,128547_1.jpg,10276_2.jpg,146287_2.jpg,358941_1.jpg
48,146287_1.jpg,641459_2.jpg,113816_0.jpg,343250_2.jpg,27892_0.jpg,370006_0.jpg,7897_0.jpg,7897_2.jpg,982159_0.jpg,7897_1.jpg
49,146287_2.jpg,146287_3.jpg,146287_0.jpg,131615_0.jpg,34195_0.jpg,128547_1.jpg,59759_1.jpg,27892_3.jpg,152138_2.jpg,4695_0.jpg
50,146287_3.jpg,146287_2.jpg,146287_0.jpg,128547_1.jpg,131615_0.jpg,152138_2.jpg,4695_0.jpg,1226413_2.jpg,27892_3.jpg,59759_1.jpg
51,152138_0.jpg,152138_1.jpg,153842_0.jpg,69399_0.jpg,164307_0.jpg,128547_0.jpg,58341_2.jpg,73039_0.jpg,140288_0.jpg,158253_0.jpg
52,152138_1.jpg,152138_0.jpg,128547_0.jpg,69399_0.jpg,84331_0.jpg,153842_0.jpg,164307_0.jpg,73039_0.jpg,154394_0.jpg,10276_0.jpg
53,152138_2.jpg,152138_1.jpg,152138_0.jpg,128547_0.jpg,73039_0.jpg,1572390_0.jpg,128547_1.jpg,146287_0.jpg,69399_0.jpg,128547_2.jpg
54,153842_0.jpg,10276_0.jpg,152138_0.jpg,10276_2.jpg,164307_0.jpg,73039_0.jpg,10276_1.jpg,69399_0.jpg,173417_2.jpg,61285_0.jpg
55,153842_1.jpg,153842_0.jpg,10276_0.jpg,10276_2.jpg,10276_1.jpg,59759_1.jpg,83700_0.jpg,131615_0.jpg,173417_2.jpg,28598_0.jpg
56,153842_2.jpg,153842_3.jpg,131615_0.jpg,64589_1.jpg,523270_0.jpg,317951_0.jpg,61285_2.jpg,10276_2.jpg,200225_1.jpg,200225_3.jpg
57,153842_3.jpg,153842_2.jpg,681146_0.jpg,61285_2.jpg,579615_0.jpg,77238_0.jpg,113816_0.jpg,156937_0.jpg,317951_0.jpg,345269_0.jpg
58,154394_0.jpg,152138_1.jpg,152138_0.jpg,279668_0.jpg,128547_0.jpg,73039_0.jpg,332496_0.jpg,1572390_0.jpg,10276_0.jpg,10276_2.jpg
59,154394_1.jpg,154394_2.jpg,111884_0.jpg,76829_2.jpg,8466_0.jpg,317951_1.jpg,124662_1.jpg,47230_0.jpg,27892_1.jpg,50913_0.jpg
60,154394_2.jpg,154394_1.jpg,27145_1.jpg,317951_1.jpg,50913_1.jpg,641775_0.jpg,627001_0.jpg,518741_0.jpg,343250_1.jpg,73039_2.jpg
61,156937_0.jpg,518741_0.jpg,523270_0.jpg,704279_0.jpg,317951_0.jpg,48056_0.jpg,61285_2.jpg,681146_0.jpg,174474_0.jpg,263295_0.jpg
62,1572390_0.jpg,2237918_0.jpg,416842_0.jpg,445476_0.jpg,1019341_0.jpg,84331_0.jpg,113074_1.jpg,398364_0.jpg,1226413_0.jpg,332496_0.jpg
63,158253_0.jpg,73039_0.jpg,140288_0.jpg,58341_2.jpg,69399_0.jpg,73039_1.jpg,47230_0.jpg,47230_1.jpg,173417_2.jpg,59365_0.jpg
64,158253_1.jpg,158253_2.jpg,102007_0.jpg,133441_2.jpg,128547_2.jpg,10683_1.jpg,169833_1.jpg,343250_1.jpg,133441_0.jpg,76829_1.jpg
65,158253_2.jpg,158253_1.jpg,10683_1.jpg,102007_0.jpg,128547_2.jpg,169833_1.jpg,9963_0.jpg,76829_1.jpg,152138_1.jpg,169833_0.jpg
66,158465_0.jpg,158465_2.jpg,158465_3.jpg,158465_1.jpg,27145_2.jpg,5935_0.jpg,182075_0.jpg,76829_2.jpg,76829_3.jpg,47230_1.jpg
67,158465_1.jpg,158465_3.jpg,158465_2.jpg,158465_0.jpg,182075_0.jpg,5935_0.jpg,106696_1.jpg,145708_0.jpg,106696_0.jpg,317951_0.jpg
68,158465_2.jpg,158465_3.jpg,158465_1.jpg,158465_0.jpg,5935_0.jpg,182075_0.jpg,145708_0.jpg,106696_1.jpg,27892_0.jpg,156937_0.jpg
69,158465_3.jpg,158465_2.jpg,158465_1.jpg,158465_0.jpg,182075_0.jpg,5935_0.jpg,145708_0.jpg,106696_1.jpg,106696_0.jpg,156937_0.jpg
70,162133_0.jpg,61285_1.jpg,164307_0.jpg,61285_0.jpg,153842_0.jpg,152138_0.jpg,128547_0.jpg,152138_1.jpg,69399_0.jpg,202734_0.jpg
71,164307_0.jpg,162133_0.jpg,152138_0.jpg,153842_0.jpg,152138_1.jpg,10276_2.jpg,69399_0.jpg,10276_0.jpg,10276_1.jpg,61285_0.jpg
72,167175_0.jpg,1226413_2.jpg,27892_0.jpg,59759_0.jpg,227211_0.jpg,224545_0.jpg,27145_3.jpg,27892_3.jpg,156937_0.jpg,493557_2.jpg
73,169833_0.jpg,169833_1.jpg,207219_3.jpg,175043_1.jpg,76829_1.jpg,207219_0.jpg,102007_0.jpg,47230_1.jpg,9963_0.jpg,34029_1.jpg
74,169833_1.jpg,169833_0.jpg,102007_0.jpg,82327_0.jpg,207219_3.jpg,9963_0.jpg,47230_1.jpg,207219_0.jpg,76829_1.jpg,76829_0.jpg
75,171933_0.jpg,113816_0.jpg,48056_0.jpg,132747_0.jpg,93066_0.jpg,681146_0.jpg,345269_0.jpg,82327_0.jpg,579615_0.jpg,106696_0.jpg
76,173417_0.jpg,173417_1.jpg,173417_2.jpg,73039_0.jpg,10276_0.jpg,10276_2.jpg,158253_0.jpg,69399_0.jpg,153842_0.jpg,10276_1.jpg
77,173417_1.jpg,173417_2.jpg,173417_0.jpg,153842_0.jpg,73039_0.jpg,158253_0.jpg,10276_0.jpg,69399_0.jpg,58341_2.jpg,10276_2.jpg
78,173417_2.jpg,173417_1.jpg,173417_0.jpg,153842_0.jpg,73039_0.jpg,158253_0.jpg,140288_0.jpg,58341_2.jpg,10276_0.jpg,61285_0.jpg
79,1736001_0.jpg,1226413_0.jpg,358941_2.jpg,2355819_0.jpg,1794213_0.jpg,358941_1.jpg,237396_0.jpg,445476_0.jpg,131615_0.jpg,142455_0.jpg
80,174029_0.jpg,174029_1.jpg,332496_0.jpg,317145_0.jpg,279668_0.jpg,329476_0.jpg,142455_1.jpg,1572390_0.jpg,142455_0.jpg,352891_0.jpg
81,174029_1.jpg,174029_0.jpg,332496_0.jpg,317145_0.jpg,329476_0.jpg,279668_0.jpg,142455_1.jpg,352891_0.jpg,249007_0.jpg,142455_0.jpg
82,174474_0.jpg,67441_0.jpg,156937_0.jpg,263295_0.jpg,31493_2.jpg,31493_3.jpg,227954_1.jpg,52318_1.jpg,48056_0.jpg,243571_0.jpg
83,174477_0.jpg,227812_0.jpg,200225_2.jpg,200225_3.jpg,200225_1.jpg,200225_0.jpg,174477_1.jpg,84331_0.jpg,113074_0.jpg,113074_1.jpg
84,174477_1.jpg,174477_0.jpg,174477_2.jpg,162133_0.jpg,200225_1.jpg,200225_3.jpg,200225_0.jpg,200225_2.jpg,668068_0.jpg,601020_0.jpg
85,174477_2.jpg,61285_2.jpg,292897_1.jpg,523270_0.jpg,66440_0.jpg,78269_2.jpg,199417_0.jpg,113074_0.jpg,317951_0.jpg,227954_1.jpg
86,175043_0.jpg,175043_1.jpg,59759_0.jpg,28598_0.jpg,89222_0.jpg,142455_0.jpg,66440_0.jpg,69399_0.jpg,31493_2.jpg,142455_1.jpg
87,175043_1.jpg,185639_0.jpg,175043_0.jpg,59759_0.jpg,182672_0.jpg,182672_1.jpg,169833_0.jpg,169833_1.jpg,167175_0.jpg,97571_0.jpg
88,17592_0.jpg,566684_0.jpg,284582_0.jpg,263295_0.jpg,47230_0.jpg,608658_0.jpg,345269_0.jpg,140288_0.jpg,344752_0.jpg,243571_0.jpg
89,1794213_0.jpg,237396_0.jpg,1736001_0.jpg,445476_0.jpg,292897_0.jpg,2561085_0.jpg,2355819_0.jpg,131615_0.jpg,1572390_0.jpg,352891_0.jpg
90,179745_0.jpg,50913_1.jpg,27892_3.jpg,27892_2.jpg,17592_0.jpg,193239_1.jpg,69399_0.jpg,47230_0.jpg,10683_0.jpg,73039_2.jpg
91,179764_0.jpg,3443_1.jpg,142455_0.jpg,28598_0.jpg,142455_1.jpg,371178_0.jpg,358941_1.jpg,358941_2.jpg,3443_0.jpg,59759_1.jpg
92,182075_0.jpg,601020_0.jpg,27892_0.jpg,317951_0.jpg,77238_1.jpg,156937_0.jpg,27145_2.jpg,32006_0.jpg,579615_0.jpg,132747_0.jpg
93,182672_0.jpg,182672_1.jpg,84331_0.jpg,1226413_2.jpg,2237918_0.jpg,185639_0.jpg,259841_1.jpg,1572390_0.jpg,1107015_0.jpg,2355517_0.jpg
94,182672_1.jpg,182672_0.jpg,84331_0.jpg,1226413_2.jpg,2237918_0.jpg,185639_0.jpg,259841_1.jpg,1572390_0.jpg,1107015_0.jpg,2355517_0.jpg
95,1839191_0.jpg,416842_0.jpg,2237918_0.jpg,259841_0.jpg,1019341_0.jpg,84331_0.jpg,2504691_0.jpg,398364_0.jpg,1572390_0.jpg,113074_1.jpg
96,184199_0.jpg,108240_0.jpg,184199_1.jpg,193239_0.jpg,108240_1.jpg,38356_0.jpg,164307_0.jpg,169833_1.jpg,306301_0.jpg,681146_0.jpg
97,184199_1.jpg,184199_0.jpg,108240_0.jpg,193239_0.jpg,164307_0.jpg,207219_3.jpg,61285_2.jpg,38356_0.jpg,227812_1.jpg,227954_1.jpg
98,185639_0.jpg,182672_1.jpg,182672_0.jpg,84331_0.jpg,2237918_0.jpg,175043_1.jpg,1448807_0.jpg,1572390_0.jpg,259841_1.jpg,59759_0.jpg
99,193239_0.jpg,108240_1.jpg,184199_0.jpg,108240_0.jpg,193239_1.jpg,184199_1.jpg,73039_2.jpg,47230_0.jpg,47230_1.jpg,83344_0.jpg
100,193239_1.jpg,108240_1.jpg,64589_0.jpg,193239_0.jpg,64589_1.jpg,69399_0.jpg,47230_0.jpg,50913_1.jpg,179745_0.jpg,93066_0.jpg
101,1959992_0.jpg,2805603_0.jpg,1019341_0.jpg,1326334_0.jpg,2355517_0.jpg,2504691_0.jpg,398364_0.jpg,1249554_0.jpg,416842_0.jpg,2237918_0.jpg
102,199417_0.jpg,284582_0.jpg,627001_0.jpg,641775_0.jpg,202734_0.jpg,294599_0.jpg,243571_0.jpg,66440_0.jpg,284582_3.jpg,255975_0.jpg
103,200225_3.jpg,200225_2.jpg,200225_1.jpg,200225_0.jpg,227812_0.jpg,113074_1.jpg,174477_0.jpg,119362_0.jpg,113074_2.jpg,292897_0.jpg
104,200225_3.jpg,200225_2.jpg,200225_1.jpg,200225_0.jpg,227812_0.jpg,113074_1.jpg,174477_0.jpg,119362_0.jpg,113074_2.jpg,292897_0.jpg
105,200225_3.jpg,200225_2.jpg,200225_1.jpg,200225_0.jpg,227812_0.jpg,113074_1.jpg,174477_0.jpg,119362_0.jpg,113074_2.jpg,292897_0.jpg
106,200225_3.jpg,200225_2.jpg,200225_1.jpg,200225_0.jpg,227812_0.jpg,113074_1.jpg,174477_0.jpg,119362_0.jpg,113074_2.jpg,292897_0.jpg
107,202734_0.jpg,284582_0.jpg,199417_0.jpg,557972_0.jpg,263295_0.jpg,641775_0.jpg,627001_0.jpg,255975_0.jpg,243571_0.jpg,307604_0.jpg
108,202734_1.jpg,284582_1.jpg,294599_0.jpg,199417_0.jpg,284582_3.jpg,66440_0.jpg,313745_0.jpg,284582_0.jpg,255975_0.jpg,284582_2.jpg
109,207219_0.jpg,207219_3.jpg,67441_0.jpg,77449_1.jpg,77449_0.jpg,174474_0.jpg,370006_0.jpg,370006_1.jpg,140288_0.jpg,452941_1.jpg
110,207219_1.jpg,9963_2.jpg,284582_2.jpg,61285_1.jpg,61285_3.jpg,61285_0.jpg,162133_0.jpg,199417_0.jpg,27145_2.jpg,284582_0.jpg
111,207219_2.jpg,140288_0.jpg,47230_1.jpg,111884_0.jpg,317204_0.jpg,47230_0.jpg,566684_0.jpg,243571_0.jpg,76829_0.jpg,73039_1.jpg
112,207219_3.jpg,207219_0.jpg,67441_0.jpg,370006_0.jpg,370006_1.jpg,452941_1.jpg,93066_0.jpg,174474_0.jpg,452941_0.jpg,681146_0.jpg
113,215959_0.jpg,132747_0.jpg,27892_1.jpg,557972_0.jpg,284582_0.jpg,681146_0.jpg,579615_0.jpg,299814_0.jpg,9963_1.jpg,48056_0.jpg
114,2237918_0.jpg,1572390_0.jpg,416842_0.jpg,1019341_0.jpg,113074_1.jpg,2504691_0.jpg,2355517_0.jpg,398364_0.jpg,84331_0.jpg,445476_0.jpg
115,224545_0.jpg,227211_0.jpg,493557_1.jpg,493557_0.jpg,358541_0.jpg,493557_2.jpg,7897_1.jpg,7897_0.jpg,452941_0.jpg,7897_2.jpg
116,224545_1.jpg,370006_0.jpg,224545_0.jpg,7897_3.jpg,370006_1.jpg,493557_1.jpg,493557_0.jpg,227211_0.jpg,452941_0.jpg,493557_2.jpg
117,227211_0.jpg,224545_0.jpg,493557_1.jpg,358541_0.jpg,493557_0.jpg,493557_2.jpg,452941_0.jpg,452941_1.jpg,7897_1.jpg,7897_0.jpg
118,227812_0.jpg,200225_2.jpg,200225_3.jpg,200225_1.jpg,200225_0.jpg,119362_0.jpg,113074_1.jpg,174477_0.jpg,292897_0.jpg,227812_1.jpg
119,227812_1.jpg,1226413_1.jpg,227812_0.jpg,113074_2.jpg,1226413_2.jpg,199417_0.jpg,200225_1.jpg,200225_0.jpg,200225_3.jpg,200225_2.jpg
120,227954_0.jpg,263295_0.jpg,77238_1.jpg,518741_0.jpg,284582_0.jpg,2561085_0.jpg,132747_0.jpg,6095_0.jpg,668068_0.jpg,307604_0.jpg
121,227954_1.jpg,77238_0.jpg,627001_0.jpg,641775_0.jpg,174477_2.jpg,61285_2.jpg,67441_0.jpg,77449_1.jpg,77449_0.jpg,174474_0.jpg
122,2355517_0.jpg,1249554_0.jpg,2805603_0.jpg,2504691_0.jpg,1019341_0.jpg,398364_0.jpg,1107015_0.jpg,416842_0.jpg,1420575_0.jpg,982159_0.jpg
123,2355819_0.jpg,1226413_0.jpg,1736001_0.jpg,445476_0.jpg,119362_0.jpg,292897_0.jpg,237396_0.jpg,1794213_0.jpg,113074_1.jpg,1572390_0.jpg
124,237396_0.jpg,445476_0.jpg,1794213_0.jpg,2813191_0.jpg,292897_0.jpg,113074_1.jpg,1736001_0.jpg,352891_0.jpg,119362_0.jpg,317145_0.jpg
125,243571_0.jpg,681146_0.jpg,47230_0.jpg,317204_0.jpg,73039_2.jpg,294599_0.jpg,66440_0.jpg,284582_3.jpg,566684_0.jpg,284582_0.jpg
126,2471963_0.jpg,1326334_0.jpg,1107015_0.jpg,2805603_0.jpg,2504691_0.jpg,1420575_0.jpg,2355517_0.jpg,1019341_0.jpg,1404618_0.jpg,1249554_0.jpg
127,249007_0.jpg,358941_0.jpg,317145_0.jpg,59759_1.jpg,358941_2.jpg,174029_1.jpg,299814_1.jpg,358941_1.jpg,174029_0.jpg,352891_0.jpg
128,2504691_0.jpg,2355517_0.jpg,2805603_0.jpg,1249554_0.jpg,416842_0.jpg,1019341_0.jpg,1107015_0.jpg,398364_0.jpg,2471963_0.jpg,1326334_0.jpg
129,253484_0.jpg,579615_0.jpg,345269_0.jpg,518741_0.jpg,263295_0.jpg,601020_0.jpg,48056_0.jpg,156937_0.jpg,284582_0.jpg,627001_0.jpg
130,255975_0.jpg,284582_3.jpg,294599_0.jpg,77238_0.jpg,313745_0.jpg,243571_0.jpg,627001_0.jpg,641775_0.jpg,73039_2.jpg,317204_0.jpg
131,2561085_0.jpg,668068_0.jpg,6095_0.jpg,2813191_0.jpg,131615_0.jpg,292897_0.jpg,113074_1.jpg,237396_0.jpg,1794213_0.jpg,352891_0.jpg
132,2561085_1.jpg,6095_1.jpg,2561085_0.jpg,6095_0.jpg,668068_0.jpg,343250_1.jpg,259841_1.jpg,313745_0.jpg,227954_1.jpg,5935_1.jpg
133,668068_1.jpg,6095_2.jpg,2561085_2.jpg,227812_0.jpg,317145_0.jpg,263295_0.jpg,2561085_0.jpg,113074_1.jpg,142455_1.jpg,332496_0.jpg
134,259470_0.jpg,47230_0.jpg,73039_0.jpg,158253_0.jpg,73039_2.jpg,69399_0.jpg,237396_0.jpg,243571_0.jpg,10683_0.jpg,292897_0.jpg
135,259841_0.jpg,84331_0.jpg,1572390_0.jpg,445476_0.jpg,299814_1.jpg,2237918_0.jpg,1839191_0.jpg,113074_1.jpg,259841_1.jpg,113074_2.jpg
136,259841_1.jpg,182672_0.jpg,182672_1.jpg,601020_0.jpg,259841_0.jpg,84331_0.jpg,299814_1.jpg,1572390_0.jpg,332496_0.jpg,2237918_0.jpg
137,263295_0.jpg,284582_0.jpg,345269_0.jpg,344752_0.jpg,27892_1.jpg,17592_0.jpg,47230_0.jpg,8466_0.jpg,566684_0.jpg,518741_0.jpg
138,27145_0.jpg,47230_0.jpg,10683_0.jpg,566684_0.jpg,345269_0.jpg,38356_0.jpg,8466_0.jpg,54720_1.jpg,681146_0.jpg,704279_0.jpg
139,27145_1.jpg,27145_0.jpg,38356_0.jpg,704279_0.jpg,566684_0.jpg,518741_0.jpg,345269_0.jpg,66440_0.jpg,47230_0.jpg,10683_0.jpg
140,27145_2.jpg,557972_0.jpg,263295_0.jpg,156937_0.jpg,182075_0.jpg,299814_0.jpg,10276_2.jpg,17592_0.jpg,10683_0.jpg,10276_0.jpg
141,27145_3.jpg,9963_1.jpg,59759_0.jpg,263295_0.jpg,2237918_0.jpg,215959_0.jpg,27892_1.jpg,84331_0.jpg,76829_2.jpg,1404618_0.jpg
142,27320_0.jpg,12267_0.jpg,68486_0.jpg,68486_1.jpg,58488_0.jpg,70208_0.jpg,594043_2.jpg,34029_1.jpg,70208_1.jpg,48056_2.jpg
143,27892_0.jpg,317951_0.jpg,182075_0.jpg,263295_0.jpg,344752_0.jpg,77238_0.jpg,601020_0.jpg,681146_0.jpg,93066_0.jpg,156937_0.jpg
144,27892_1.jpg,8466_0.jpg,344752_0.jpg,54720_1.jpg,263295_0.jpg,47230_0.jpg,215959_0.jpg,681146_0.jpg,345269_0.jpg,317204_0.jpg
145,27892_2.jpg,27892_3.jpg,179745_0.jpg,4695_0.jpg,27892_0.jpg,167175_0.jpg,64589_0.jpg,668068_1.jpg,6095_2.jpg,2561085_2.jpg
146,27892_3.jpg,4695_0.jpg,50913_1.jpg,47230_0.jpg,344752_0.jpg,27892_2.jpg,352891_0.jpg,681146_0.jpg,1226413_2.jpg,179745_0.jpg
147,279668_0.jpg,332496_0.jpg,329476_0.jpg,174029_0.jpg,317145_0.jpg,174029_1.jpg,3443_0.jpg,352891_0.jpg,1572390_0.jpg,3443_1.jpg
148,2805603_0.jpg,2355517_0.jpg,2504691_0.jpg,1249554_0.jpg,1107015_0.jpg,1019341_0.jpg,1420575_0.jpg,416842_0.jpg,2471963_0.jpg,1326334_0.jpg
149,2813191_0.jpg,113074_1.jpg,292897_0.jpg,2561085_0.jpg,237396_0.jpg,119362_0.jpg,668068_0.jpg,445476_0.jpg,2237918_0.jpg,1572390_0.jpg
150,284582_0.jpg,202734_0.jpg,566684_0.jpg,66440_0.jpg,199417_0.jpg,345269_0.jpg,263295_0.jpg,284582_2.jpg,608658_0.jpg,243571_0.jpg
151,284582_1.jpg,202734_1.jpg,284582_3.jpg,199417_0.jpg,284582_0.jpg,255975_0.jpg,294599_0.jpg,641775_0.jpg,627001_0.jpg,243571_0.jpg
152,284582_2.jpg,284582_0.jpg,202734_0.jpg,61285_0.jpg,61285_1.jpg,641775_0.jpg,627001_0.jpg,132747_0.jpg,140288_0.jpg,284582_3.jpg
153,284582_3.jpg,255975_0.jpg,77238_0.jpg,243571_0.jpg,294599_0.jpg,73039_2.jpg,47230_0.jpg,307604_0.jpg,681146_0.jpg,284582_0.jpg
154,28598_0.jpg,3443_1.jpg,142455_0.jpg,3443_0.jpg,352891_0.jpg,358941_1.jpg,317145_0.jpg,358941_0.jpg,358941_2.jpg,329476_0.jpg
155,28993_0.jpg,77449_0.jpg,77449_1.jpg,523270_0.jpg,61285_2.jpg,66440_0.jpg,292897_1.jpg,32006_0.jpg,67441_0.jpg,156937_0.jpg
156,292897_0.jpg,227812_0.jpg,119362_0.jpg,445476_0.jpg,2813191_0.jpg,113074_1.jpg,237396_0.jpg,1572390_0.jpg,1794213_0.jpg,200225_3.jpg
157,292897_1.jpg,174477_2.jpg,61285_2.jpg,113074_0.jpg,78269_2.jpg,66440_0.jpg,32006_0.jpg,227812_0.jpg,681146_0.jpg,313745_0.jpg
158,294599_0.jpg,313745_0.jpg,255975_0.jpg,243571_0.jpg,66440_0.jpg,284582_3.jpg,199417_0.jpg,317204_0.jpg,77238_0.jpg,73039_2.jpg
159,299814_0.jpg,557972_0.jpg,77238_1.jpg,518741_0.jpg,132747_0.jpg,156937_0.jpg,579615_0.jpg,27145_2.jpg,215959_0.jpg,106696_0.jpg
160,299814_1.jpg,358941_2.jpg,59759_1.jpg,358941_0.jpg,358941_1.jpg,317145_0.jpg,249007_0.jpg,2237918_0.jpg,259841_0.jpg,1572390_0.jpg
161,306301_0.jpg,243571_0.jpg,73039_2.jpg,313745_0.jpg,128547_2.jpg,294599_0.jpg,199417_0.jpg,76829_1.jpg,317204_0.jpg,47230_0.jpg
162,306301_1.jpg,31493_2.jpg,146287_0.jpg,292897_0.jpg,371178_0.jpg,52318_1.jpg,370006_1.jpg,370006_0.jpg,128547_1.jpg,179764_0.jpg
163,306301_2.jpg,306301_0.jpg,306301_3.jpg,69399_0.jpg,164307_0.jpg,64589_1.jpg,17592_0.jpg,641459_1.jpg,184199_1.jpg,306301_1.jpg
164,306301_3.jpg,306301_0.jpg,306301_2.jpg,73039_2.jpg,52318_2.jpg,153842_2.jpg,153842_3.jpg,31493_1.jpg,133441_0.jpg,193239_0.jpg
165,307604_0.jpg,243571_0.jpg,681146_0.jpg,284582_3.jpg,263295_0.jpg,255975_0.jpg,202734_0.jpg,284582_0.jpg,294599_0.jpg,608658_0.jpg
166,313745_0.jpg,294599_0.jpg,255975_0.jpg,77238_0.jpg,284582_3.jpg,67441_0.jpg,73039_2.jpg,243571_0.jpg,66440_0.jpg,681146_0.jpg
167,31493_0.jpg,31493_1.jpg,52318_0.jpg,52318_3.jpg,9963_0.jpg,27320_0.jpg,34029_0.jpg,52318_2.jpg,76829_1.jpg,128547_2.jpg
168,31493_1.jpg,31493_0.jpg,9963_0.jpg,27320_0.jpg,76829_0.jpg,52318_3.jpg,73039_2.jpg,52318_0.jpg,128547_2.jpg,52318_2.jpg
169,31493_2.jpg,31493_3.jpg,52318_1.jpg,59759_0.jpg,174474_0.jpg,156937_0.jpg,54720_1.jpg,38356_0.jpg,48056_0.jpg,27145_0.jpg
170,31493_3.jpg,31493_2.jpg,52318_1.jpg,27145_0.jpg,523270_0.jpg,681146_0.jpg,317204_0.jpg,38356_0.jpg,174474_0.jpg,47230_0.jpg
171,317145_0.jpg,332496_0.jpg,174029_0.jpg,142455_0.jpg,3443_1.jpg,279668_0.jpg,352891_0.jpg,174029_1.jpg,3443_0.jpg,329476_0.jpg
172,317204_0.jpg,73039_2.jpg,47230_0.jpg,243571_0.jpg,140288_0.jpg,111884_0.jpg,76829_0.jpg,294599_0.jpg,66440_0.jpg,8466_0.jpg
173,317951_0.jpg,681146_0.jpg,27892_0.jpg,77238_0.jpg,32006_0.jpg,66440_0.jpg,61285_2.jpg,344752_0.jpg,156937_0.jpg,182075_0.jpg
174,317951_1.jpg,154394_2.jpg,343250_1.jpg,61285_2.jpg,76829_3.jpg,76829_0.jpg,641775_0.jpg,627001_0.jpg,227954_1.jpg,294599_0.jpg
175,32006_0.jpg,77238_0.jpg,317951_0.jpg,61285_2.jpg,681146_0.jpg,344752_0.jpg,93066_0.jpg,47230_0.jpg,156937_0.jpg,67441_0.jpg
176,329476_0.jpg,279668_0.jpg,174029_0.jpg,332496_0.jpg,174029_1.jpg,317145_0.jpg,352891_0.jpg,142455_0.jpg,3443_0.jpg,28598_0.jpg
177,332496_0.jpg,174029_0.jpg,317145_0.jpg,279668_0.jpg,174029_1.jpg,352891_0.jpg,329476_0.jpg,142455_0.jpg,1572390_0.jpg,3443_1.jpg
178,34029_0.jpg,34029_1.jpg,12267_0.jpg,27320_0.jpg,48056_1.jpg,68486_0.jpg,48056_2.jpg,58488_0.jpg,68486_1.jpg,59759_0.jpg
179,34029_1.jpg,34029_0.jpg,12267_0.jpg,27320_0.jpg,48056_1.jpg,48056_2.jpg,68486_0.jpg,58488_0.jpg,70208_0.jpg,594043_2.jpg
180,34195_0.jpg,358941_2.jpg,358941_1.jpg,73346_0.jpg,142455_1.jpg,352891_0.jpg,358941_0.jpg,142455_0.jpg,59759_1.jpg,131615_0.jpg
181,343250_0.jpg,704279_0.jpg,608658_0.jpg,345269_0.jpg,523270_0.jpg,566684_0.jpg,681146_0.jpg,557972_0.jpg,54720_1.jpg,518741_0.jpg
182,343250_1.jpg,10683_1.jpg,133441_2.jpg,294599_0.jpg,76829_1.jpg,202734_1.jpg,255975_0.jpg,73039_2.jpg,284582_3.jpg,9963_0.jpg
183,343250_2.jpg,641459_2.jpg,133441_1.jpg,146287_1.jpg,601020_0.jpg,133441_3.jpg,332496_0.jpg,263295_0.jpg,27892_0.jpg,174029_0.jpg
184,343250_3.jpg,113074_1.jpg,227812_0.jpg,200225_1.jpg,200225_0.jpg,200225_2.jpg,200225_3.jpg,668068_1.jpg,6095_2.jpg,2561085_2.jpg
185,3443_0.jpg,3443_1.jpg,142455_0.jpg,358941_2.jpg,28598_0.jpg,352891_0.jpg,317145_0.jpg,358941_1.jpg,358941_0.jpg,279668_0.jpg
186,3443_1.jpg,3443_0.jpg,142455_0.jpg,28598_0.jpg,317145_0.jpg,352891_0.jpg,358941_0.jpg,97571_0.jpg,358941_2.jpg,332496_0.jpg
187,344752_0.jpg,8466_0.jpg,681146_0.jpg,47230_0.jpg,27892_1.jpg,77238_0.jpg,263295_0.jpg,317951_0.jpg,566684_0.jpg,243571_0.jpg
188,345269_0.jpg,704279_0.jpg,54720_1.jpg,343250_0.jpg,681146_0.jpg,566684_0.jpg,27145_0.jpg,284582_0.jpg,608658_0.jpg,48056_0.jpg
189,352891_0.jpg,142455_0.jpg,317145_0.jpg,3443_1.jpg,332496_0.jpg,3443_0.jpg,358941_1.jpg,358941_2.jpg,28598_0.jpg,97571_0.jpg
190,358541_0.jpg,493557_1.jpg,227211_0.jpg,493557_0.jpg,224545_0.jpg,493557_2.jpg,452941_0.jpg,452941_1.jpg,370006_0.jpg,7897_1.jpg
191,358541_1.jpg,124662_2.jpg,111884_1.jpg,77238_0.jpg,284582_3.jpg,370006_0.jpg,7897_2.jpg,200225_2.jpg,200225_3.jpg,200225_1.jpg
192,358941_0.jpg,358941_2.jpg,249007_0.jpg,358941_1.jpg,317145_0.jpg,3443_0.jpg,3443_1.jpg,142455_0.jpg,59759_1.jpg,352891_0.jpg
193,358941_1.jpg,358941_2.jpg,352891_0.jpg,358941_0.jpg,3443_0.jpg,142455_1.jpg,28598_0.jpg,97571_1.jpg,3443_1.jpg,317145_0.jpg
194,358941_2.jpg,358941_1.jpg,358941_0.jpg,3443_0.jpg,142455_1.jpg,352891_0.jpg,317145_0.jpg,3443_1.jpg,1736001_0.jpg,142455_0.jpg
195,358941_3.jpg,10683_1.jpg,371178_2.jpg,27320_0.jpg,34029_0.jpg,12267_0.jpg,34029_1.jpg,73346_0.jpg,867076_1.jpg,131615_0.jpg
196,370006_0.jpg,370006_1.jpg,452941_0.jpg,452941_1.jpg,207219_3.jpg,146287_1.jpg,113816_0.jpg,207219_0.jpg,7897_0.jpg,681146_0.jpg
197,370006_1.jpg,370006_0.jpg,452941_0.jpg,452941_1.jpg,207219_3.jpg,207219_0.jpg,113816_0.jpg,681146_0.jpg,93066_0.jpg,146287_1.jpg
198,371178_0.jpg,371178_3.jpg,371178_1.jpg,142455_0.jpg,352891_0.jpg,3443_1.jpg,97571_0.jpg,3443_0.jpg,317145_0.jpg,358941_1.jpg
199,371178_1.jpg,371178_3.jpg,371178_0.jpg,97571_0.jpg,1448807_0.jpg,28598_0.jpg,2561085_0.jpg,142455_1.jpg,352891_0.jpg,3443_1.jpg
200,371178_2.jpg,97571_1.jpg,358941_3.jpg,97571_0.jpg,28598_0.jpg,352891_0.jpg,73346_0.jpg,329476_0.jpg,358941_2.jpg,358941_0.jpg
201,371178_3.jpg,371178_0.jpg,371178_1.jpg,352891_0.jpg,358941_1.jpg,358941_2.jpg,620123_0.jpg,142455_0.jpg,97571_0.jpg,97571_1.jpg
202,37983_0.jpg,89222_0.jpg,2504691_0.jpg,224545_1.jpg,104329_0.jpg,2355517_0.jpg,416842_0.jpg,2805603_0.jpg,398364_0.jpg,1249554_0.jpg
203,38356_0.jpg,27145_0.jpg,681146_0.jpg,54720_1.jpg,704279_0.jpg,345269_0.jpg,8466_0.jpg,47230_0.jpg,566684_0.jpg,317951_0.jpg
204,398364_0.jpg,1019341_0.jpg,416842_0.jpg,1249554_0.jpg,2355517_0.jpg,2504691_0.jpg,2805603_0.jpg,982159_0.jpg,1572390_0.jpg,2237918_0.jpg
205,416842_0.jpg,1019341_0.jpg,398364_0.jpg,1249554_0.jpg,2504691_0.jpg,2355517_0.jpg,2805603_0.jpg,1572390_0.jpg,2237918_0.jpg,982159_0.jpg
206,445476_0.jpg,1572390_0.jpg,237396_0.jpg,113074_1.jpg,292897_0.jpg,2237918_0.jpg,317145_0.jpg,2813191_0.jpg,119362_0.jpg,1226413_0.jpg
207,452941_0.jpg,452941_1.jpg,370006_0.jpg,370006_1.jpg,227211_0.jpg,207219_3.jpg,7897_0.jpg,224545_0.jpg,7897_1.jpg,493557_1.jpg
208,452941_1.jpg,452941_0.jpg,370006_0.jpg,370006_1.jpg,207219_3.jpg,227211_0.jpg,7897_0.jpg,7897_1.jpg,207219_0.jpg,146287_0.jpg
209,4695_0.jpg,279668_0.jpg,601020_0.jpg,329476_0.jpg,27892_3.jpg,317145_0.jpg,332496_0.jpg,1572390_0.jpg,174029_0.jpg,111884_1.jpg
210,47230_0.jpg,73039_2.jpg,243571_0.jpg,8466_0.jpg,317204_0.jpg,681146_0.jpg,77238_0.jpg,27145_0.jpg,344752_0.jpg,47230_1.jpg
211,47230_1.jpg,47230_0.jpg,76829_3.jpg,76829_0.jpg,140288_0.jpg,73039_1.jpg,158253_0.jpg,76829_2.jpg,6700_0.jpg,263295_0.jpg
212,48056_0.jpg,54720_1.jpg,345269_0.jpg,54720_0.jpg,156937_0.jpg,523270_0.jpg,284582_0.jpg,343250_0.jpg,608658_0.jpg,557972_0.jpg
213,48056_1.jpg,48056_2.jpg,6700_0.jpg,68486_0.jpg,69267_2.jpg,27320_0.jpg,69267_0.jpg,59759_0.jpg,34029_1.jpg,54720_0.jpg
214,48056_2.jpg,48056_1.jpg,68486_0.jpg,6700_0.jpg,27320_0.jpg,69267_2.jpg,12267_0.jpg,68486_1.jpg,69267_0.jpg,69267_1.jpg
215,493557_0.jpg,493557_1.jpg,358541_0.jpg,224545_0.jpg,227211_0.jpg,493557_2.jpg,224545_1.jpg,452941_0.jpg,7897_1.jpg,167175_0.jpg
216,493557_1.jpg,493557_0.jpg,224545_0.jpg,227211_0.jpg,358541_0.jpg,493557_2.jpg,452941_0.jpg,7897_1.jpg,452941_1.jpg,224545_1.jpg
217,493557_2.jpg,493557_1.jpg,493557_0.jpg,227211_0.jpg,358541_0.jpg,224545_0.jpg,167175_0.jpg,207219_3.jpg,224545_1.jpg,452941_0.jpg
218,50913_0.jpg,59759_0.jpg,76829_2.jpg,54720_1.jpg,48056_0.jpg,17592_0.jpg,54720_0.jpg,6700_0.jpg,48056_1.jpg,47230_1.jpg
219,50913_1.jpg,50913_0.jpg,27892_3.jpg,27145_0.jpg,179745_0.jpg,17592_0.jpg,47230_0.jpg,284582_3.jpg,59759_0.jpg,113074_0.jpg
220,518741_0.jpg,156937_0.jpg,523270_0.jpg,704279_0.jpg,345269_0.jpg,263295_0.jpg,681146_0.jpg,77238_1.jpg,566684_0.jpg,579615_0.jpg
221,52318_0.jpg,52318_3.jpg,52318_2.jpg,31493_0.jpg,76829_1.jpg,73039_2.jpg,317204_0.jpg,113816_0.jpg,9963_0.jpg,34029_0.jpg
222,52318_1.jpg,31493_2.jpg,31493_3.jpg,48056_0.jpg,59759_0.jpg,156937_0.jpg,704279_0.jpg,174474_0.jpg,343250_0.jpg,263295_0.jpg
223,52318_2.jpg,52318_3.jpg,52318_0.jpg,317204_0.jpg,73039_2.jpg,284582_3.jpg,10683_1.jpg,47230_0.jpg,255975_0.jpg,76829_1.jpg
224,52318_3.jpg,52318_2.jpg,52318_0.jpg,317204_0.jpg,31493_0.jpg,34029_0.jpg,73039_2.jpg,47230_0.jpg,10683_1.jpg,284582_3.jpg
225,523270_0.jpg,61285_2.jpg,343250_0.jpg,608658_0.jpg,704279_0.jpg,681146_0.jpg,156937_0.jpg,518741_0.jpg,345269_0.jpg,174477_2.jpg
226,54720_0.jpg,69267_0.jpg,48056_1.jpg,59759_0.jpg,48056_2.jpg,48056_0.jpg,69267_1.jpg,594043_3.jpg,54720_1.jpg,69267_2.jpg
227,54720_1.jpg,345269_0.jpg,8466_0.jpg,48056_0.jpg,27892_1.jpg,27145_0.jpg,38356_0.jpg,59759_0.jpg,343250_0.jpg,566684_0.jpg
228,557972_0.jpg,608658_0.jpg,299814_0.jpg,343250_0.jpg,202734_0.jpg,215959_0.jpg,579615_0.jpg,27145_2.jpg,284582_0.jpg,48056_0.jpg
229,566684_0.jpg,608658_0.jpg,284582_0.jpg,681146_0.jpg,17592_0.jpg,345269_0.jpg,27145_0.jpg,343250_0.jpg,66440_0.jpg,704279_0.jpg
230,579615_0.jpg,518741_0.jpg,557972_0.jpg,59365_0.jpg,156937_0.jpg,601020_0.jpg,253484_0.jpg,71106_0.jpg,182075_0.jpg,345269_0.jpg
231,58341_2.jpg,140288_0.jpg,73039_0.jpg,59365_0.jpg,152138_0.jpg,111884_0.jpg,153842_0.jpg,158253_0.jpg,317204_0.jpg,128547_0.jpg
232,58488_0.jpg,27320_0.jpg,12267_0.jpg,70208_0.jpg,70208_1.jpg,68486_0.jpg,594043_2.jpg,68486_1.jpg,867076_2.jpg,34029_1.jpg
233,5935_0.jpg,156937_0.jpg,594043_3.jpg,48056_1.jpg,59759_0.jpg,48056_2.jpg,704279_0.jpg,158465_2.jpg,12267_0.jpg,27145_2.jpg
234,5935_1.jpg,641775_0.jpg,627001_0.jpg,199417_0.jpg,294599_0.jpg,227954_1.jpg,255975_0.jpg,66440_0.jpg,284582_2.jpg,313745_0.jpg
235,59365_0.jpg,111884_0.jpg,58341_2.jpg,73039_0.jpg,140288_0.jpg,71106_0.jpg,579615_0.jpg,158253_0.jpg,153842_0.jpg,27892_1.jpg
236,594043_2.jpg,867076_2.jpg,867076_3.jpg,68486_1.jpg,70208_1.jpg,70208_0.jpg,68486_0.jpg,27320_0.jpg,594043_3.jpg,867076_1.jpg
237,594043_3.jpg,867076_0.jpg,70208_0.jpg,594043_2.jpg,867076_1.jpg,12267_0.jpg,70208_1.jpg,68486_1.jpg,69267_2.jpg,69267_0.jpg
238,59759_0.jpg,48056_1.jpg,6700_0.jpg,54720_0.jpg,54720_1.jpg,48056_2.jpg,12267_0.jpg,50913_0.jpg,34029_1.jpg,69267_0.jpg
239,59759_1.jpg,358941_0.jpg,249007_0.jpg,299814_1.jpg,358941_1.jpg,317145_0.jpg,358941_2.jpg,142455_0.jpg,352891_0.jpg,146287_0.jpg
240,601020_0.jpg,182075_0.jpg,579615_0.jpg,27892_0.jpg,4695_0.jpg,279668_0.jpg,253484_0.jpg,332496_0.jpg,133441_1.jpg,111884_1.jpg
241,60820_1.jpg,60820_3.jpg,60820_2.jpg,10276_1.jpg,10276_2.jpg,10276_0.jpg,106696_0.jpg,164307_0.jpg,279668_0.jpg,299814_0.jpg
242,60820_2.jpg,60820_1.jpg,60820_3.jpg,64589_1.jpg,83700_0.jpg,164307_0.jpg,65751_0.jpg,50913_1.jpg,78269_2.jpg,133441_3.jpg
243,60820_3.jpg,60820_1.jpg,60820_2.jpg,106696_0.jpg,10276_1.jpg,10276_2.jpg,10276_0.jpg,71106_0.jpg,106696_1.jpg,164307_0.jpg
244,608658_0.jpg,343250_0.jpg,704279_0.jpg,566684_0.jpg,557972_0.jpg,681146_0.jpg,523270_0.jpg,345269_0.jpg,284582_0.jpg,54720_1.jpg
245,6095_0.jpg,668068_0.jpg,2561085_0.jpg,2813191_0.jpg,131615_0.jpg,142455_1.jpg,1226413_0.jpg,1794213_0.jpg,237396_0.jpg,113074_1.jpg
246,6095_1.jpg,2561085_1.jpg,6095_0.jpg,2561085_0.jpg,668068_0.jpg,343250_1.jpg,227954_1.jpg,77238_0.jpg,668068_1.jpg,6095_2.jpg
247,668068_1.jpg,6095_2.jpg,2561085_2.jpg,227812_0.jpg,317145_0.jpg,263295_0.jpg,2561085_0.jpg,113074_1.jpg,142455_1.jpg,332496_0.jpg
248,61285_0.jpg,61285_1.jpg,162133_0.jpg,153842_0.jpg,59365_0.jpg,557972_0.jpg,284582_2.jpg,173417_2.jpg,164307_0.jpg,58341_2.jpg
249,61285_1.jpg,61285_0.jpg,162133_0.jpg,153842_0.jpg,557972_0.jpg,284582_2.jpg,59365_0.jpg,164307_0.jpg,173417_2.jpg,27145_2.jpg
250,61285_2.jpg,523270_0.jpg,174477_2.jpg,681146_0.jpg,77238_0.jpg,317951_0.jpg,66440_0.jpg,32006_0.jpg,292897_1.jpg,156937_0.jpg
251,61285_3.jpg,207219_1.jpg,174477_2.jpg,61285_2.jpg,60820_2.jpg,66440_0.jpg,61285_1.jpg,162133_0.jpg,61285_0.jpg,523270_0.jpg
252,620123_0.jpg,371178_3.jpg,371178_0.jpg,27892_0.jpg,344752_0.jpg,317951_0.jpg,27892_1.jpg,263295_0.jpg,352891_0.jpg,8466_0.jpg
253,62589_0.jpg,224545_0.jpg,352891_0.jpg,146287_1.jpg,641459_2.jpg,133441_3.jpg,27892_0.jpg,59759_1.jpg,28598_0.jpg,167175_0.jpg
254,641775_0.jpg,627001_0.jpg,199417_0.jpg,5935_1.jpg,284582_0.jpg,255975_0.jpg,202734_0.jpg,227954_1.jpg,294599_0.jpg,284582_3.jpg
255,641459_0.jpg,641459_1.jpg,27145_2.jpg,263295_0.jpg,158253_0.jpg,299814_0.jpg,156937_0.jpg,17592_0.jpg,579615_0.jpg,10276_2.jpg
256,641459_1.jpg,641459_0.jpg,704279_0.jpg,523270_0.jpg,608658_0.jpg,17592_0.jpg,66440_0.jpg,345269_0.jpg,156937_0.jpg,343250_0.jpg
257,641459_2.jpg,343250_2.jpg,133441_3.jpg,133441_1.jpg,146287_1.jpg,113816_0.jpg,352891_0.jpg,27892_0.jpg,263295_0.jpg,3443_1.jpg
258,641459_3.jpg,199417_0.jpg,227812_1.jpg,641775_0.jpg,627001_0.jpg,284582_3.jpg,5935_1.jpg,174477_2.jpg,1226413_1.jpg,227954_1.jpg
259,641775_0.jpg,627001_0.jpg,199417_0.jpg,5935_1.jpg,284582_0.jpg,255975_0.jpg,202734_0.jpg,227954_1.jpg,294599_0.jpg,284582_3.jpg
260,64589_0.jpg,64589_1.jpg,182075_0.jpg,77238_0.jpg,681146_0.jpg,66440_0.jpg,73039_2.jpg,317951_0.jpg,317204_0.jpg,47230_0.jpg
261,64589_1.jpg,64589_0.jpg,579615_0.jpg,71106_0.jpg,27892_0.jpg,60820_2.jpg,10276_2.jpg,164307_0.jpg,146287_1.jpg,69399_0.jpg
262,65751_0.jpg,65751_1.jpg,131615_0.jpg,10276_2.jpg,10276_0.jpg,133441_3.jpg,69399_0.jpg,10276_1.jpg,83700_0.jpg,579615_0.jpg
263,65751_1.jpg,65751_0.jpg,579615_0.jpg,131615_0.jpg,10276_2.jpg,10276_0.jpg,153842_0.jpg,9963_2.jpg,10276_1.jpg,299814_0.jpg
264,66440_0.jpg,284582_0.jpg,566684_0.jpg,681146_0.jpg,243571_0.jpg,294599_0.jpg,47230_0.jpg,345269_0.jpg,317951_0.jpg,61285_2.jpg
265,668068_0.jpg,2561085_0.jpg,6095_0.jpg,2813191_0.jpg,131615_0.jpg,113074_1.jpg,1226413_0.jpg,142455_1.jpg,237396_0.jpg,579615_0.jpg
266,668068_1.jpg,6095_2.jpg,2561085_2.jpg,227812_0.jpg,317145_0.jpg,263295_0.jpg,2561085_0.jpg,113074_1.jpg,142455_1.jpg,332496_0.jpg
267,6700_0.jpg,48056_1.jpg,48056_2.jpg,59759_0.jpg,68486_0.jpg,12267_0.jpg,68486_1.jpg,27320_0.jpg,69267_2.jpg,594043_3.jpg
268,6700_1.jpg,69267_1.jpg,69267_2.jpg,59759_0.jpg,9963_0.jpg,48056_1.jpg,69267_0.jpg,48056_2.jpg,58488_0.jpg,70208_0.jpg
269,67441_0.jpg,77238_0.jpg,174474_0.jpg,313745_0.jpg,77449_0.jpg,77449_1.jpg,681146_0.jpg,156937_0.jpg,32006_0.jpg,284582_0.jpg
270,681146_0.jpg,243571_0.jpg,704279_0.jpg,47230_0.jpg,344752_0.jpg,77238_0.jpg,608658_0.jpg,8466_0.jpg,566684_0.jpg,317951_0.jpg
271,68486_0.jpg,68486_1.jpg,27320_0.jpg,70208_0.jpg,594043_2.jpg,12267_0.jpg,70208_1.jpg,48056_2.jpg,48056_1.jpg,867076_3.jpg
272,68486_1.jpg,68486_0.jpg,27320_0.jpg,594043_2.jpg,70208_0.jpg,867076_3.jpg,70208_1.jpg,867076_2.jpg,12267_0.jpg,594043_3.jpg
273,69267_0.jpg,69267_1.jpg,69267_2.jpg,54720_0.jpg,70208_1.jpg,594043_3.jpg,70208_0.jpg,48056_2.jpg,48056_1.jpg,68486_0.jpg
274,69267_1.jpg,69267_0.jpg,69267_2.jpg,70208_0.jpg,70208_1.jpg,594043_3.jpg,68486_0.jpg,48056_2.jpg,48056_1.jpg,12267_0.jpg
275,69267_2.jpg,69267_1.jpg,69267_0.jpg,70208_1.jpg,70208_0.jpg,48056_1.jpg,594043_3.jpg,68486_0.jpg,68486_1.jpg,48056_2.jpg
276,69399_0.jpg,73039_0.jpg,152138_0.jpg,153842_0.jpg,140288_0.jpg,152138_1.jpg,128547_0.jpg,158253_0.jpg,10276_2.jpg,71106_0.jpg
277,70208_0.jpg,70208_1.jpg,69267_2.jpg,68486_1.jpg,68486_0.jpg,594043_2.jpg,27320_0.jpg,12267_0.jpg,594043_3.jpg,867076_1.jpg
278,70208_1.jpg,70208_0.jpg,69267_2.jpg,594043_2.jpg,68486_1.jpg,867076_1.jpg,68486_0.jpg,27320_0.jpg,594043_3.jpg,12267_0.jpg
279,704279_0.jpg,343250_0.jpg,608658_0.jpg,681146_0.jpg,345269_0.jpg,523270_0.jpg,566684_0.jpg,156937_0.jpg,518741_0.jpg,54720_1.jpg
280,71106_0.jpg,59365_0.jpg,73039_0.jpg,69399_0.jpg,579615_0.jpg,113074_1.jpg,158253_0.jpg,113074_0.jpg,128547_0.jpg,58341_2.jpg
281,713362_0.jpg,358941_0.jpg,445476_0.jpg,1226413_0.jpg,2504691_0.jpg,1572390_0.jpg,416842_0.jpg,292897_0.jpg,2355819_0.jpg,2813191_0.jpg
282,73039_0.jpg,158253_0.jpg,69399_0.jpg,58341_2.jpg,140288_0.jpg,59365_0.jpg,128547_0.jpg,153842_0.jpg,111884_0.jpg,152138_0.jpg
283,73039_1.jpg,140288_0.jpg,47230_0.jpg,47230_1.jpg,73039_2.jpg,243571_0.jpg,73039_0.jpg,566684_0.jpg,158253_0.jpg,317204_0.jpg
284,73039_2.jpg,47230_0.jpg,317204_0.jpg,243571_0.jpg,77238_0.jpg,76829_0.jpg,681146_0.jpg,284582_3.jpg,73039_1.jpg,76829_1.jpg
285,73039_3.jpg,207219_1.jpg,50913_0.jpg,284582_2.jpg,82327_0.jpg,76829_2.jpg,83700_0.jpg,173417_2.jpg,9963_2.jpg,10276_2.jpg
286,73346_0.jpg,34195_0.jpg,10276_0.jpg,3443_1.jpg,10276_1.jpg,28598_0.jpg,185639_0.jpg,10276_2.jpg,154394_0.jpg,175043_1.jpg
287,76829_0.jpg,76829_3.jpg,73039_2.jpg,76829_1.jpg,317204_0.jpg,47230_0.jpg,47230_1.jpg,140288_0.jpg,243571_0.jpg,76829_2.jpg
288,76829_1.jpg,76829_0.jpg,73039_2.jpg,317204_0.jpg,76829_3.jpg,140288_0.jpg,47230_1.jpg,47230_0.jpg,133441_2.jpg,10683_1.jpg
289,76829_2.jpg,76829_3.jpg,50913_0.jpg,59759_0.jpg,47230_1.jpg,27892_1.jpg,76829_0.jpg,263295_0.jpg,47230_0.jpg,6700_0.jpg
290,76829_3.jpg,76829_0.jpg,140288_0.jpg,76829_2.jpg,47230_1.jpg,47230_0.jpg,317204_0.jpg,73039_1.jpg,58341_2.jpg,263295_0.jpg
291,77238_0.jpg,47230_0.jpg,681146_0.jpg,255975_0.jpg,317951_0.jpg,32006_0.jpg,73039_2.jpg,284582_3.jpg,344752_0.jpg,61285_2.jpg
292,77238_1.jpg,132747_0.jpg,518741_0.jpg,299814_0.jpg,182075_0.jpg,557972_0.jpg,579615_0.jpg,156937_0.jpg,59365_0.jpg,523270_0.jpg
293,77449_1.jpg,77449_0.jpg,67441_0.jpg,28993_0.jpg,227954_1.jpg,294599_0.jpg,313745_0.jpg,284582_0.jpg,207219_0.jpg,61285_2.jpg
294,77449_1.jpg,77449_0.jpg,67441_0.jpg,28993_0.jpg,227954_1.jpg,294599_0.jpg,313745_0.jpg,284582_0.jpg,207219_0.jpg,61285_2.jpg
295,78269_2.jpg,113074_0.jpg,174477_2.jpg,292897_1.jpg,66440_0.jpg,317951_0.jpg,61285_2.jpg,199417_0.jpg,32006_0.jpg,182075_0.jpg
296,7897_0.jpg,7897_2.jpg,7897_1.jpg,370006_0.jpg,452941_0.jpg,146287_1.jpg,452941_1.jpg,227211_0.jpg,224545_0.jpg,370006_1.jpg
297,7897_1.jpg,7897_0.jpg,7897_2.jpg,224545_0.jpg,227211_0.jpg,452941_1.jpg,452941_0.jpg,146287_1.jpg,111884_1.jpg,27892_0.jpg
298,7897_2.jpg,7897_0.jpg,7897_1.jpg,370006_0.jpg,146287_1.jpg,227211_0.jpg,224545_0.jpg,452941_0.jpg,370006_1.jpg,452941_1.jpg
299,7897_3.jpg,224545_1.jpg,371178_0.jpg,358541_1.jpg,493557_2.jpg,124662_2.jpg,174029_1.jpg,224545_0.jpg,620123_0.jpg,37983_0.jpg
300,82327_0.jpg,169833_1.jpg,102007_0.jpg,47230_0.jpg,284582_3.jpg,243571_0.jpg,681146_0.jpg,47230_1.jpg,128547_2.jpg,76829_0.jpg
301,83344_0.jpg,108240_0.jpg,259841_0.jpg,1226413_2.jpg,193239_0.jpg,113074_2.jpg,1019341_0.jpg,1226413_1.jpg,97571_1.jpg,1839191_0.jpg
302,83700_0.jpg,128547_1.jpg,60820_2.jpg,131615_0.jpg,65751_0.jpg,153842_0.jpg,10276_2.jpg,69399_0.jpg,64589_1.jpg,133441_3.jpg
303,84331_0.jpg,1572390_0.jpg,2237918_0.jpg,152138_1.jpg,182672_0.jpg,182672_1.jpg,10276_1.jpg,259841_0.jpg,73039_0.jpg,10276_2.jpg
304,8466_0.jpg,27892_1.jpg,344752_0.jpg,47230_0.jpg,681146_0.jpg,54720_1.jpg,27145_0.jpg,263295_0.jpg,317204_0.jpg,345269_0.jpg
305,867076_0.jpg,867076_1.jpg,594043_3.jpg,594043_2.jpg,70208_1.jpg,867076_2.jpg,70208_0.jpg,867076_3.jpg,68486_1.jpg,12267_0.jpg
306,867076_1.jpg,867076_0.jpg,594043_3.jpg,70208_0.jpg,594043_2.jpg,70208_1.jpg,867076_2.jpg,68486_1.jpg,867076_3.jpg,27320_0.jpg
307,867076_2.jpg,867076_3.jpg,594043_2.jpg,68486_1.jpg,867076_1.jpg,867076_0.jpg,27320_0.jpg,68486_0.jpg,70208_0.jpg,594043_3.jpg
308,867076_3.jpg,867076_2.jpg,594043_2.jpg,68486_1.jpg,68486_0.jpg,867076_1.jpg,70208_0.jpg,27320_0.jpg,867076_0.jpg,70208_1.jpg
309,89222_0.jpg,28598_0.jpg,124662_0.jpg,104329_0.jpg,317951_0.jpg,352891_0.jpg,3443_0.jpg,142455_0.jpg,8466_0.jpg,174029_1.jpg
310,93066_0.jpg,681146_0.jpg,77238_0.jpg,317951_0.jpg,32006_0.jpg,61285_2.jpg,47230_0.jpg,344752_0.jpg,27892_0.jpg,284582_3.jpg
311,97571_0.jpg,352891_0.jpg,3443_1.jpg,3443_0.jpg,142455_0.jpg,371178_0.jpg,371178_3.jpg,279668_0.jpg,358941_2.jpg,358941_1.jpg
312,97571_1.jpg,142455_1.jpg,358941_2.jpg,358941_1.jpg,352891_0.jpg,371178_3.jpg,358941_0.jpg,113074_2.jpg,1226413_2.jpg,1226413_1.jpg
313,982159_0.jpg,1249554_0.jpg,2355517_0.jpg,398364_0.jpg,1448807_0.jpg,1019341_0.jpg,416842_0.jpg,1572390_0.jpg,2504691_0.jpg,2805603_0.jpg
314,9963_0.jpg,34029_1.jpg,34029_0.jpg,284582_3.jpg,10683_1.jpg,47230_0.jpg,47230_1.jpg,12267_0.jpg,73039_2.jpg,255975_0.jpg
315,9963_1.jpg,215959_0.jpg,27145_3.jpg,27892_1.jpg,38356_0.jpg,113074_2.jpg,174477_0.jpg,200225_3.jpg,200225_2.jpg,200225_1.jpg
316,9963_2.jpg,65751_1.jpg,207219_1.jpg,173417_2.jpg,10276_2.jpg,173417_1.jpg,64589_1.jpg,10276_0.jpg,10276_1.jpg,71106_0.jpg
