,0,1,2,3,4,5,6,7,8,9,10
0,27145_1.jpg,10683_0.jpg,199417_0.jpg,59759_0.jpg,175043_0.jpg,27145_0.jpg,27145_2.jpg,31493_3.jpg,31493_2.jpg,158465_0.jpg,175043_1.jpg
1,608658_0.jpg,343250_0.jpg,27892_1.jpg,54720_1.jpg,154394_0.jpg,69267_1.jpg,8466_0.jpg,255975_0.jpg,128547_0.jpg,523270_0.jpg,152138_2.jpg
2,416842_0.jpg,1019341_0.jpg,398364_0.jpg,284582_3.jpg,1249554_0.jpg,982159_0.jpg,124662_2.jpg,332496_0.jpg,174029_0.jpg,174029_1.jpg,313745_0.jpg
3,284582_0.jpg,179764_0.jpg,59759_1.jpg,131615_0.jpg,73039_0.jpg,284582_1.jpg,131615_1.jpg,152138_0.jpg,73039_2.jpg,152138_1.jpg,154394_0.jpg
4,292897_1.jpg,1572390_0.jpg,641459_3.jpg,78269_2.jpg,523270_0.jpg,1107015_0.jpg,255975_0.jpg,152138_2.jpg,154394_0.jpg,294599_0.jpg,2355517_0.jpg
5,493557_1.jpg,493557_0.jpg,224545_0.jpg,227211_0.jpg,358541_0.jpg,54720_0.jpg,70208_1.jpg,70208_0.jpg,867076_2.jpg,124662_0.jpg,68486_1.jpg
6,48056_0.jpg,52318_1.jpg,97571_1.jpg,704279_0.jpg,52318_0.jpg,371178_3.jpg,52318_3.jpg,48056_1.jpg,52318_2.jpg,48056_2.jpg,1326334_0.jpg
7,224545_1.jpg,37983_0.jpg,124662_0.jpg,111884_1.jpg,77449_1.jpg,77449_0.jpg,7897_3.jpg,152138_0.jpg,152138_1.jpg,28993_0.jpg,133441_3.jpg
8,142455_0.jpg,108240_0.jpg,158253_0.jpg,352891_0.jpg,9963_1.jpg,28598_0.jpg,10276_1.jpg,93066_0.jpg,10276_2.jpg,27892_3.jpg,10276_0.jpg
9,452941_1.jpg,452941_0.jpg,370006_1.jpg,370006_0.jpg,2471963_0.jpg,185639_0.jpg,104329_0.jpg,2237918_0.jpg,358941_1.jpg,113074_2.jpg,182672_1.jpg
10,169833_1.jpg,169833_0.jpg,76829_1.jpg,28993_0.jpg,152138_1.jpg,152138_0.jpg,146287_0.jpg,77238_1.jpg,1420575_0.jpg,69267_0.jpg,182672_0.jpg
11,169833_0.jpg,169833_1.jpg,76829_1.jpg,28993_0.jpg,77238_1.jpg,207219_3.jpg,152138_1.jpg,1420575_0.jpg,182672_0.jpg,207219_0.jpg,69267_2.jpg
12,156937_0.jpg,579615_0.jpg,71106_0.jpg,317951_0.jpg,371178_0.jpg,62589_0.jpg,343250_2.jpg,32006_0.jpg,523270_0.jpg,313745_0.jpg,1226413_2.jpg
13,452941_0.jpg,452941_1.jpg,370006_0.jpg,370006_1.jpg,2471963_0.jpg,358941_1.jpg,113074_2.jpg,104329_0.jpg,119362_0.jpg,185639_0.jpg,152138_1.jpg
14,142455_1.jpg,1736001_0.jpg,358941_2.jpg,73346_0.jpg,237396_0.jpg,668068_0.jpg,668068_1.jpg,2561085_2.jpg,6095_2.jpg,2561085_0.jpg,97571_1.jpg
15,162133_0.jpg,358941_2.jpg,358941_0.jpg,358941_1.jpg,73346_0.jpg,152138_0.jpg,152138_1.jpg,146287_0.jpg,128547_1.jpg,84331_0.jpg,124662_0.jpg
16,344752_0.jpg,8466_0.jpg,681146_0.jpg,255975_0.jpg,27892_1.jpg,358541_1.jpg,313745_0.jpg,294599_0.jpg,54720_1.jpg,77238_0.jpg,124662_2.jpg
17,69267_2.jpg,54720_0.jpg,69267_0.jpg,493557_2.jpg,69267_1.jpg,207219_3.jpg,70208_1.jpg,641459_0.jpg,299814_0.jpg,594043_2.jpg,77449_1.jpg
18,224545_0.jpg,493557_1.jpg,493557_0.jpg,227211_0.jpg,358541_0.jpg,7897_0.jpg,7897_2.jpg,70208_1.jpg,12267_0.jpg,70208_0.jpg,68486_1.jpg
19,48056_1.jpg,48056_2.jpg,54720_0.jpg,594043_2.jpg,68486_0.jpg,704279_0.jpg,3443_1.jpg,68486_1.jpg,867076_0.jpg,641459_0.jpg,52318_1.jpg
20,493557_0.jpg,493557_1.jpg,224545_0.jpg,227211_0.jpg,358541_0.jpg,70208_1.jpg,54720_0.jpg,70208_0.jpg,68486_1.jpg,12267_0.jpg,867076_2.jpg
21,83700_0.jpg,153842_1.jpg,153842_0.jpg,358941_2.jpg,227812_1.jpg,237396_0.jpg,142455_1.jpg,1736001_0.jpg,73346_0.jpg,128547_1.jpg,371178_3.jpg
22,292897_0.jpg,119362_0.jpg,10683_1.jpg,237396_0.jpg,175043_0.jpg,2813191_0.jpg,249007_0.jpg,31493_2.jpg,1107015_0.jpg,1736001_0.jpg,2805603_0.jpg
23,284582_1.jpg,284582_0.jpg,73039_2.jpg,97571_0.jpg,284582_2.jpg,131615_1.jpg,59759_1.jpg,566684_0.jpg,179764_0.jpg,73039_0.jpg,358941_3.jpg
24,329476_0.jpg,279668_0.jpg,174029_1.jpg,34029_1.jpg,174029_0.jpg,27892_0.jpg,982159_0.jpg,1448807_0.jpg,398364_0.jpg,601020_0.jpg,5935_0.jpg
25,10276_2.jpg,10276_0.jpg,10276_1.jpg,108240_0.jpg,158253_0.jpg,28598_0.jpg,173417_2.jpg,142455_0.jpg,9963_1.jpg,173417_0.jpg,193239_1.jpg
26,27145_0.jpg,59759_0.jpg,27145_3.jpg,31493_3.jpg,199417_0.jpg,31493_2.jpg,3443_0.jpg,3443_1.jpg,371178_0.jpg,317145_0.jpg,52318_2.jpg
27,601020_0.jpg,27892_0.jpg,1448807_0.jpg,34029_1.jpg,329476_0.jpg,5935_0.jpg,279668_0.jpg,174029_1.jpg,982159_0.jpg,174029_0.jpg,398364_0.jpg
28,27145_2.jpg,59759_0.jpg,158465_0.jpg,76829_2.jpg,27145_0.jpg,27145_3.jpg,199417_0.jpg,175043_0.jpg,76829_0.jpg,76829_3.jpg,31493_3.jpg
29,179745_0.jpg,27892_3.jpg,371178_2.jpg,358941_1.jpg,6700_1.jpg,10683_1.jpg,358941_0.jpg,140288_0.jpg,9963_1.jpg,104329_0.jpg,9963_0.jpg
30,193239_1.jpg,193239_0.jpg,108240_0.jpg,259470_0.jpg,69399_0.jpg,108240_1.jpg,10276_0.jpg,10276_2.jpg,2355819_0.jpg,10276_1.jpg,259841_1.jpg
31,10276_0.jpg,10276_2.jpg,10276_1.jpg,108240_0.jpg,158253_0.jpg,28598_0.jpg,173417_2.jpg,9963_1.jpg,142455_0.jpg,193239_1.jpg,2355819_0.jpg
32,284582_3.jpg,416842_0.jpg,398364_0.jpg,1019341_0.jpg,124662_2.jpg,332496_0.jpg,1249554_0.jpg,982159_0.jpg,32006_0.jpg,313745_0.jpg,174029_0.jpg
33,493557_2.jpg,69267_2.jpg,54720_0.jpg,69267_0.jpg,299814_0.jpg,77449_1.jpg,77449_0.jpg,169833_0.jpg,207219_3.jpg,146287_0.jpg,106696_1.jpg
34,10683_1.jpg,2237918_0.jpg,358941_1.jpg,358941_3.jpg,119362_0.jpg,175043_1.jpg,2805603_0.jpg,185639_0.jpg,9963_0.jpg,182672_1.jpg,445476_0.jpg
35,65751_0.jpg,6700_1.jpg,133441_2.jpg,82327_0.jpg,169833_1.jpg,146287_2.jpg,65751_1.jpg,358941_1.jpg,169833_0.jpg,128547_1.jpg,146287_3.jpg
36,202734_0.jpg,557972_0.jpg,89222_0.jpg,59365_0.jpg,343250_0.jpg,167175_0.jpg,608658_0.jpg,124662_0.jpg,215959_0.jpg,111884_1.jpg,307604_0.jpg
37,69267_0.jpg,69267_1.jpg,69267_2.jpg,128547_2.jpg,128547_0.jpg,152138_1.jpg,152138_0.jpg,28993_0.jpg,493557_2.jpg,54720_0.jpg,146287_0.jpg
38,70208_1.jpg,70208_0.jpg,68486_0.jpg,68486_1.jpg,867076_2.jpg,594043_2.jpg,867076_1.jpg,12267_0.jpg,867076_3.jpg,867076_0.jpg,58488_0.jpg
39,73346_0.jpg,1736001_0.jpg,142455_1.jpg,358941_2.jpg,153842_0.jpg,668068_1.jpg,2561085_2.jpg,6095_2.jpg,162133_0.jpg,358941_1.jpg,1404618_0.jpg
40,317145_0.jpg,1019341_0.jpg,982159_0.jpg,1249554_0.jpg,398364_0.jpg,1448807_0.jpg,174029_1.jpg,174029_0.jpg,332496_0.jpg,416842_0.jpg,329476_0.jpg
41,70208_0.jpg,70208_1.jpg,68486_0.jpg,68486_1.jpg,12267_0.jpg,1226413_2.jpg,58488_0.jpg,27320_0.jpg,867076_2.jpg,594043_2.jpg,867076_3.jpg
42,69267_1.jpg,128547_0.jpg,69267_0.jpg,152138_2.jpg,70208_1.jpg,128547_2.jpg,54720_1.jpg,4695_0.jpg,152138_0.jpg,154394_0.jpg,69267_2.jpg
43,202734_1.jpg,2561085_1.jpg,6095_1.jpg,1959992_0.jpg,284582_1.jpg,89222_0.jpg,358941_3.jpg,557972_0.jpg,306301_3.jpg,371178_2.jpg,202734_0.jpg
44,65751_1.jpg,146287_3.jpg,65751_0.jpg,133441_2.jpg,146287_2.jpg,60820_1.jpg,169833_1.jpg,169833_0.jpg,6700_1.jpg,82327_0.jpg,60820_2.jpg
45,48056_2.jpg,48056_1.jpg,371178_0.jpg,704279_0.jpg,68486_1.jpg,68486_0.jpg,58488_0.jpg,594043_3.jpg,3443_1.jpg,12267_0.jpg,594043_2.jpg
46,10683_0.jpg,175043_0.jpg,27145_0.jpg,158465_0.jpg,76829_2.jpg,199417_0.jpg,175043_1.jpg,59759_0.jpg,27145_1.jpg,76829_0.jpg,76829_3.jpg
47,284582_2.jpg,284582_0.jpg,102007_0.jpg,50913_1.jpg,284582_1.jpg,371178_2.jpg,358941_3.jpg,1326334_0.jpg,77238_1.jpg,358941_1.jpg,10683_1.jpg
48,10276_1.jpg,10276_0.jpg,10276_2.jpg,108240_0.jpg,158253_0.jpg,28598_0.jpg,9963_1.jpg,142455_0.jpg,173417_2.jpg,6700_0.jpg,2355819_0.jpg
49,193239_0.jpg,193239_1.jpg,184199_0.jpg,184199_1.jpg,108240_1.jpg,108240_0.jpg,259470_0.jpg,31493_1.jpg,69399_0.jpg,2355819_0.jpg,10276_2.jpg
50,27145_3.jpg,167175_0.jpg,1420575_0.jpg,128547_0.jpg,4695_0.jpg,1107015_0.jpg,59759_0.jpg,76829_0.jpg,76829_3.jpg,152138_2.jpg,175043_1.jpg
51,8466_0.jpg,344752_0.jpg,27892_1.jpg,255975_0.jpg,681146_0.jpg,358541_1.jpg,89222_0.jpg,294599_0.jpg,54720_1.jpg,608658_0.jpg,523270_0.jpg
52,64589_1.jpg,713362_0.jpg,64589_0.jpg,83344_0.jpg,306301_2.jpg,60820_2.jpg,133441_0.jpg,146287_2.jpg,60820_3.jpg,164307_0.jpg,158253_2.jpg
53,73039_3.jpg,284582_1.jpg,73039_1.jpg,97571_0.jpg,50913_1.jpg,284582_2.jpg,50913_0.jpg,73039_2.jpg,27892_3.jpg,158253_0.jpg,371178_2.jpg
54,255975_0.jpg,27892_1.jpg,358541_1.jpg,1572390_0.jpg,8466_0.jpg,294599_0.jpg,2355517_0.jpg,313745_0.jpg,523270_0.jpg,124662_2.jpg,1249554_0.jpg
55,668068_1.jpg,2561085_2.jpg,6095_2.jpg,6095_0.jpg,668068_0.jpg,1404618_0.jpg,52318_1.jpg,2561085_0.jpg,263295_0.jpg,52318_2.jpg,59365_0.jpg
56,641459_3.jpg,255975_0.jpg,292897_1.jpg,518741_0.jpg,1572390_0.jpg,523270_0.jpg,154394_0.jpg,2355517_0.jpg,294599_0.jpg,66440_0.jpg,152138_2.jpg
57,641459_2.jpg,343250_2.jpg,67441_0.jpg,313745_0.jpg,58341_2.jpg,317204_0.jpg,27320_0.jpg,174029_0.jpg,279668_0.jpg,58488_0.jpg,174029_1.jpg
58,668068_0.jpg,6095_0.jpg,2561085_0.jpg,668068_1.jpg,2561085_2.jpg,6095_2.jpg,142455_1.jpg,27892_2.jpg,1736001_0.jpg,52318_1.jpg,73346_0.jpg
59,113816_0.jpg,294599_0.jpg,371178_0.jpg,313745_0.jpg,681146_0.jpg,32006_0.jpg,174029_0.jpg,62589_0.jpg,27892_1.jpg,523270_0.jpg,66440_0.jpg
60,73039_2.jpg,131615_1.jpg,52318_2.jpg,73039_0.jpg,59759_1.jpg,131615_0.jpg,154394_0.jpg,641459_1.jpg,52318_3.jpg,284582_0.jpg,97571_0.jpg
61,64589_0.jpg,343250_3.jpg,113815_0.jpg,713362_0.jpg,145708_0.jpg,164307_0.jpg,358941_3.jpg,2471963_0.jpg,28993_0.jpg,1839191_0.jpg,317951_1.jpg
62,445476_0.jpg,185639_0.jpg,10683_1.jpg,175043_1.jpg,2237918_0.jpg,182672_1.jpg,358941_1.jpg,175043_0.jpg,9963_0.jpg,182672_0.jpg,358941_0.jpg
63,140288_0.jpg,174474_0.jpg,9963_0.jpg,207219_2.jpg,185639_0.jpg,93066_0.jpg,6700_0.jpg,104329_0.jpg,17592_0.jpg,47230_1.jpg,158253_0.jpg
64,398364_0.jpg,1019341_0.jpg,174029_0.jpg,982159_0.jpg,174029_1.jpg,329476_0.jpg,124662_2.jpg,416842_0.jpg,279668_0.jpg,1448807_0.jpg,313745_0.jpg
65,1107015_0.jpg,1420575_0.jpg,76829_3.jpg,113074_2.jpg,2805603_0.jpg,1226413_0.jpg,249007_0.jpg,27145_3.jpg,1404618_0.jpg,1226413_1.jpg,76829_0.jpg
66,184199_0.jpg,184199_1.jpg,193239_0.jpg,193239_1.jpg,108240_1.jpg,259470_0.jpg,108240_0.jpg,69399_0.jpg,2355819_0.jpg,31493_1.jpg,133441_0.jpg
67,73039_0.jpg,59759_1.jpg,97571_0.jpg,152138_2.jpg,131615_0.jpg,154394_0.jpg,1226413_0.jpg,3443_1.jpg,179764_0.jpg,73039_2.jpg,71106_0.jpg
68,299814_1.jpg,358941_2.jpg,128547_1.jpg,358941_1.jpg,119362_0.jpg,292897_0.jpg,1736001_0.jpg,84331_0.jpg,175043_0.jpg,259841_0.jpg,2471963_0.jpg
69,5935_0.jpg,27892_0.jpg,34029_1.jpg,982159_0.jpg,329476_0.jpg,1448807_0.jpg,601020_0.jpg,279668_0.jpg,174029_1.jpg,398364_0.jpg,317204_0.jpg
70,641459_0.jpg,867076_0.jpg,594043_2.jpg,867076_1.jpg,867076_2.jpg,54720_0.jpg,594043_3.jpg,69267_2.jpg,867076_3.jpg,68486_1.jpg,68486_0.jpg
71,28598_0.jpg,9963_1.jpg,108240_0.jpg,158253_0.jpg,10276_0.jpg,10276_2.jpg,10276_1.jpg,17592_0.jpg,173417_2.jpg,2355819_0.jpg,82327_0.jpg
72,66440_0.jpg,32006_0.jpg,294599_0.jpg,317204_0.jpg,313745_0.jpg,523270_0.jpg,71106_0.jpg,317951_0.jpg,62589_0.jpg,58341_2.jpg,371178_0.jpg
73,641459_1.jpg,131615_1.jpg,641459_3.jpg,154394_0.jpg,73039_2.jpg,52318_3.jpg,66440_0.jpg,179764_0.jpg,52318_2.jpg,62589_0.jpg,579615_0.jpg
74,5935_1.jpg,358941_3.jpg,1326334_0.jpg,132747_0.jpg,641459_3.jpg,113815_0.jpg,145708_0.jpg,73039_2.jpg,1959992_0.jpg,102007_0.jpg,215959_0.jpg
75,38356_0.jpg,128547_0.jpg,31493_2.jpg,31493_3.jpg,4695_0.jpg,128547_2.jpg,52318_2.jpg,3443_1.jpg,69267_1.jpg,3443_0.jpg,27145_3.jpg
76,299814_0.jpg,54720_0.jpg,69267_2.jpg,106696_1.jpg,493557_2.jpg,641459_0.jpg,207219_3.jpg,77449_1.jpg,77449_0.jpg,106696_0.jpg,1226413_1.jpg
77,73039_1.jpg,47230_1.jpg,97571_0.jpg,158253_0.jpg,17592_0.jpg,47230_0.jpg,93066_0.jpg,6700_0.jpg,140288_0.jpg,27892_3.jpg,9963_0.jpg
78,184199_1.jpg,184199_0.jpg,193239_0.jpg,193239_1.jpg,31493_1.jpg,108240_1.jpg,259470_0.jpg,69399_0.jpg,2355819_0.jpg,108240_0.jpg,133441_0.jpg
79,2813191_0.jpg,292897_0.jpg,343250_3.jpg,119362_0.jpg,10683_1.jpg,237396_0.jpg,668068_1.jpg,2561085_2.jpg,6095_2.jpg,113815_0.jpg,371178_3.jpg
80,1959992_0.jpg,113815_0.jpg,358941_3.jpg,2805603_0.jpg,1839191_0.jpg,10683_1.jpg,371178_2.jpg,76829_3.jpg,5935_1.jpg,1326334_0.jpg,102007_0.jpg
81,370006_0.jpg,370006_1.jpg,452941_0.jpg,452941_1.jpg,243571_0.jpg,59759_1.jpg,104329_0.jpg,358941_0.jpg,358941_1.jpg,185639_0.jpg,152138_1.jpg
82,153842_0.jpg,1736001_0.jpg,153842_1.jpg,358941_2.jpg,1839191_0.jpg,73346_0.jpg,358941_1.jpg,142455_1.jpg,128547_1.jpg,10683_1.jpg,146287_2.jpg
83,76829_2.jpg,76829_0.jpg,76829_3.jpg,175043_1.jpg,158465_0.jpg,1420575_0.jpg,59759_0.jpg,76829_1.jpg,182672_0.jpg,131615_0.jpg,1107015_0.jpg
84,152138_1.jpg,152138_0.jpg,128547_2.jpg,28993_0.jpg,76829_1.jpg,69267_1.jpg,128547_0.jpg,152138_2.jpg,146287_0.jpg,69267_0.jpg,1420575_0.jpg
85,579615_0.jpg,156937_0.jpg,71106_0.jpg,518741_0.jpg,62589_0.jpg,317951_0.jpg,253484_0.jpg,627001_0.jpg,641775_0.jpg,66440_0.jpg,154394_0.jpg
86,113074_1.jpg,2237918_0.jpg,113074_2.jpg,174477_2.jpg,1226413_0.jpg,1107015_0.jpg,2805603_0.jpg,182672_1.jpg,185639_0.jpg,182672_0.jpg,131615_0.jpg
87,371178_3.jpg,52318_2.jpg,52318_3.jpg,119362_0.jpg,249007_0.jpg,52318_0.jpg,3443_0.jpg,52318_1.jpg,4695_0.jpg,3443_1.jpg,358941_2.jpg
88,54720_1.jpg,67441_0.jpg,69267_1.jpg,608658_0.jpg,255975_0.jpg,523270_0.jpg,152138_2.jpg,154394_0.jpg,294599_0.jpg,128547_0.jpg,66440_0.jpg
89,54720_0.jpg,69267_2.jpg,227211_0.jpg,493557_1.jpg,493557_0.jpg,69267_1.jpg,299814_0.jpg,70208_1.jpg,594043_2.jpg,867076_2.jpg,493557_2.jpg
90,523270_0.jpg,2355517_0.jpg,294599_0.jpg,1249554_0.jpg,32006_0.jpg,152138_2.jpg,71106_0.jpg,1572390_0.jpg,1226413_2.jpg,12267_0.jpg,66440_0.jpg
91,371178_2.jpg,179745_0.jpg,358941_1.jpg,10683_1.jpg,6700_1.jpg,358941_2.jpg,358941_3.jpg,133441_2.jpg,284582_2.jpg,259841_0.jpg,102007_0.jpg
92,113074_0.jpg,174477_2.jpg,1107015_0.jpg,2805603_0.jpg,78269_2.jpg,175043_1.jpg,1420575_0.jpg,113074_1.jpg,131615_0.jpg,1226413_0.jpg,292897_1.jpg
93,152138_0.jpg,152138_1.jpg,128547_2.jpg,69267_1.jpg,76829_1.jpg,128547_0.jpg,28993_0.jpg,152138_2.jpg,69267_0.jpg,1420575_0.jpg,4695_0.jpg
94,76829_3.jpg,76829_0.jpg,1420575_0.jpg,1107015_0.jpg,131615_0.jpg,27145_3.jpg,76829_1.jpg,1226413_1.jpg,175043_1.jpg,167175_0.jpg,113074_2.jpg
95,153842_1.jpg,153842_0.jpg,83700_0.jpg,31493_1.jpg,237396_0.jpg,153842_2.jpg,1839191_0.jpg,358941_2.jpg,1736001_0.jpg,146287_2.jpg,133441_0.jpg
96,370006_1.jpg,370006_0.jpg,452941_1.jpg,452941_0.jpg,243571_0.jpg,352891_0.jpg,59759_1.jpg,104329_0.jpg,185639_0.jpg,358941_0.jpg,358941_1.jpg
97,1572390_0.jpg,152138_2.jpg,2355517_0.jpg,255975_0.jpg,523270_0.jpg,1249554_0.jpg,284582_3.jpg,358541_1.jpg,416842_0.jpg,313745_0.jpg,294599_0.jpg
98,215959_0.jpg,307604_0.jpg,59365_0.jpg,132747_0.jpg,89222_0.jpg,255975_0.jpg,627001_0.jpg,641775_0.jpg,518741_0.jpg,1326334_0.jpg,145708_0.jpg
99,1420575_0.jpg,1107015_0.jpg,167175_0.jpg,76829_1.jpg,1226413_1.jpg,76829_0.jpg,76829_3.jpg,1404618_0.jpg,1226413_0.jpg,128547_0.jpg,175043_1.jpg
100,37983_0.jpg,224545_1.jpg,133441_3.jpg,124662_0.jpg,152138_1.jpg,152138_0.jpg,28993_0.jpg,77449_1.jpg,77449_0.jpg,111884_1.jpg,146287_0.jpg
101,62589_0.jpg,317951_0.jpg,66440_0.jpg,579615_0.jpg,156937_0.jpg,343250_2.jpg,71106_0.jpg,58341_2.jpg,371178_0.jpg,3443_1.jpg,641459_2.jpg
102,106696_1.jpg,106696_0.jpg,7897_3.jpg,299814_0.jpg,493557_2.jpg,69267_2.jpg,54720_0.jpg,169833_0.jpg,207219_0.jpg,77449_1.jpg,77449_0.jpg
103,294599_0.jpg,523270_0.jpg,32006_0.jpg,66440_0.jpg,313745_0.jpg,113816_0.jpg,255975_0.jpg,2355517_0.jpg,1249554_0.jpg,27892_1.jpg,358541_1.jpg
104,174029_1.jpg,174029_0.jpg,279668_0.jpg,329476_0.jpg,982159_0.jpg,398364_0.jpg,34029_1.jpg,1448807_0.jpg,27892_0.jpg,332496_0.jpg,313745_0.jpg
105,279668_0.jpg,174029_1.jpg,329476_0.jpg,174029_0.jpg,34029_1.jpg,982159_0.jpg,1448807_0.jpg,27892_0.jpg,398364_0.jpg,332496_0.jpg,601020_0.jpg
106,153842_3.jpg,153842_2.jpg,133441_0.jpg,154394_2.jpg,207219_1.jpg,133441_2.jpg,153842_1.jpg,50913_1.jpg,31493_0.jpg,306301_3.jpg,73039_3.jpg
107,76829_1.jpg,1420575_0.jpg,152138_1.jpg,152138_0.jpg,76829_0.jpg,128547_2.jpg,169833_1.jpg,146287_0.jpg,175043_1.jpg,131615_0.jpg,179764_0.jpg
108,152138_2.jpg,1572390_0.jpg,4695_0.jpg,1226413_0.jpg,523270_0.jpg,58488_0.jpg,68486_0.jpg,12267_0.jpg,68486_1.jpg,2355517_0.jpg,71106_0.jpg
109,113074_2.jpg,1107015_0.jpg,113074_1.jpg,2237918_0.jpg,249007_0.jpg,182672_1.jpg,182672_0.jpg,2805603_0.jpg,131615_0.jpg,1226413_0.jpg,119362_0.jpg
110,28993_0.jpg,152138_1.jpg,152138_0.jpg,69267_0.jpg,69267_1.jpg,169833_1.jpg,1420575_0.jpg,128547_2.jpg,76829_1.jpg,169833_0.jpg,167175_0.jpg
111,371178_0.jpg,313745_0.jpg,156937_0.jpg,1249554_0.jpg,2355517_0.jpg,32006_0.jpg,317204_0.jpg,3443_1.jpg,174029_0.jpg,174029_1.jpg,27320_0.jpg
112,371178_1.jpg,27892_2.jpg,6095_0.jpg,668068_0.jpg,2561085_0.jpg,27892_3.jpg,263295_0.jpg,207219_2.jpg,668068_1.jpg,2561085_2.jpg,6095_2.jpg
113,76829_0.jpg,76829_3.jpg,1420575_0.jpg,76829_1.jpg,131615_0.jpg,175043_1.jpg,27145_3.jpg,1107015_0.jpg,1226413_1.jpg,167175_0.jpg,182672_0.jpg
114,153842_2.jpg,133441_0.jpg,153842_1.jpg,154394_2.jpg,158253_2.jpg,153842_3.jpg,31493_1.jpg,158253_1.jpg,128547_1.jpg,153842_0.jpg,146287_2.jpg
115,27320_0.jpg,12267_0.jpg,58488_0.jpg,68486_0.jpg,68486_1.jpg,982159_0.jpg,1249554_0.jpg,1226413_2.jpg,279668_0.jpg,594043_3.jpg,332496_0.jpg
116,174029_0.jpg,174029_1.jpg,279668_0.jpg,329476_0.jpg,398364_0.jpg,982159_0.jpg,34029_1.jpg,1448807_0.jpg,332496_0.jpg,27892_0.jpg,313745_0.jpg
117,106696_0.jpg,106696_1.jpg,7897_3.jpg,299814_0.jpg,493557_2.jpg,207219_0.jpg,69267_2.jpg,169833_0.jpg,54720_0.jpg,207219_3.jpg,169833_1.jpg
118,84331_0.jpg,182672_0.jpg,182672_1.jpg,175043_1.jpg,10683_1.jpg,152138_1.jpg,2805603_0.jpg,185639_0.jpg,2237918_0.jpg,76829_1.jpg,249007_0.jpg
119,306301_1.jpg,128547_1.jpg,153842_0.jpg,133441_2.jpg,154394_1.jpg,37983_0.jpg,371178_2.jpg,164307_0.jpg,133441_0.jpg,146287_2.jpg,358941_2.jpg
120,34029_1.jpg,1448807_0.jpg,27892_0.jpg,329476_0.jpg,982159_0.jpg,279668_0.jpg,601020_0.jpg,174029_1.jpg,174029_0.jpg,5935_0.jpg,332496_0.jpg
121,113815_0.jpg,343250_3.jpg,1326334_0.jpg,145708_0.jpg,28993_0.jpg,215959_0.jpg,358941_3.jpg,167175_0.jpg,152138_1.jpg,59365_0.jpg,152138_0.jpg
122,3443_1.jpg,3443_0.jpg,4695_0.jpg,371178_0.jpg,152138_2.jpg,59759_1.jpg,52318_2.jpg,52318_3.jpg,62589_0.jpg,128547_0.jpg,154394_0.jpg
123,867076_1.jpg,867076_0.jpg,594043_2.jpg,867076_2.jpg,594043_3.jpg,867076_3.jpg,68486_1.jpg,68486_0.jpg,12267_0.jpg,58488_0.jpg,70208_1.jpg
124,358941_0.jpg,358941_1.jpg,358941_2.jpg,97571_1.jpg,52318_0.jpg,370006_0.jpg,152138_0.jpg,370006_1.jpg,104329_0.jpg,152138_1.jpg,452941_1.jpg
125,59759_1.jpg,73039_0.jpg,3443_1.jpg,243571_0.jpg,152138_2.jpg,131615_0.jpg,4695_0.jpg,131615_1.jpg,352891_0.jpg,284582_0.jpg,179764_0.jpg
126,566684_0.jpg,158253_0.jpg,243571_0.jpg,93066_0.jpg,47230_0.jpg,185639_0.jpg,104329_0.jpg,9963_0.jpg,9963_1.jpg,97571_0.jpg,6700_0.jpg
127,31493_1.jpg,259841_0.jpg,358941_1.jpg,2355819_0.jpg,69399_0.jpg,28598_0.jpg,146287_2.jpg,133441_0.jpg,358941_2.jpg,9963_1.jpg,164307_0.jpg
128,253484_0.jpg,518741_0.jpg,111884_0.jpg,579615_0.jpg,158465_3.jpg,627001_0.jpg,641775_0.jpg,71106_0.jpg,133441_1.jpg,1226413_1.jpg,62589_0.jpg
129,313745_0.jpg,398364_0.jpg,174029_0.jpg,317204_0.jpg,174029_1.jpg,124662_2.jpg,1019341_0.jpg,32006_0.jpg,329476_0.jpg,279668_0.jpg,358541_1.jpg
130,2561085_0.jpg,668068_0.jpg,6095_0.jpg,668068_1.jpg,2561085_2.jpg,6095_2.jpg,142455_1.jpg,27892_2.jpg,1736001_0.jpg,237396_0.jpg,73346_0.jpg
131,97571_1.jpg,76829_1.jpg,152138_0.jpg,358941_0.jpg,152138_1.jpg,146287_0.jpg,3443_1.jpg,131615_0.jpg,1404618_0.jpg,59759_1.jpg,179764_0.jpg
132,104329_0.jpg,9963_0.jpg,93066_0.jpg,185639_0.jpg,140288_0.jpg,9963_1.jpg,452941_1.jpg,370006_1.jpg,10683_1.jpg,358941_1.jpg,452941_0.jpg
133,34195_0.jpg,237396_0.jpg,142455_1.jpg,1736001_0.jpg,73346_0.jpg,174477_1.jpg,358941_2.jpg,2355819_0.jpg,2561085_0.jpg,371178_2.jpg,153842_0.jpg
134,2805603_0.jpg,1107015_0.jpg,1420575_0.jpg,1226413_0.jpg,113074_2.jpg,1404618_0.jpg,113074_1.jpg,10683_1.jpg,2237918_0.jpg,113074_0.jpg,131615_0.jpg
135,97571_0.jpg,352891_0.jpg,73039_0.jpg,59759_1.jpg,47230_0.jpg,93066_0.jpg,243571_0.jpg,73039_1.jpg,9963_0.jpg,73039_2.jpg,140288_0.jpg
136,2561085_1.jpg,6095_1.jpg,202734_1.jpg,1959992_0.jpg,133441_0.jpg,306301_3.jpg,317951_1.jpg,1839191_0.jpg,371178_2.jpg,108240_1.jpg,153842_1.jpg
137,31493_0.jpg,52318_0.jpg,259841_0.jpg,28993_0.jpg,131615_1.jpg,128547_2.jpg,152138_1.jpg,76829_1.jpg,152138_0.jpg,358941_1.jpg,84331_0.jpg
138,59759_0.jpg,27145_3.jpg,31493_3.jpg,27145_0.jpg,175043_0.jpg,175043_1.jpg,31493_2.jpg,27145_2.jpg,3443_0.jpg,199417_0.jpg,76829_0.jpg
139,69399_0.jpg,2355819_0.jpg,108240_0.jpg,259841_1.jpg,193239_1.jpg,358941_1.jpg,370006_1.jpg,9963_1.jpg,31493_1.jpg,345269_0.jpg,259841_0.jpg
140,12267_0.jpg,27320_0.jpg,68486_1.jpg,58488_0.jpg,68486_0.jpg,867076_3.jpg,1226413_2.jpg,594043_3.jpg,594043_2.jpg,1249554_0.jpg,867076_1.jpg
141,358941_1.jpg,358941_2.jpg,358941_0.jpg,10683_1.jpg,259841_0.jpg,452941_0.jpg,97571_1.jpg,2471963_0.jpg,452941_1.jpg,152138_1.jpg,104329_0.jpg
142,867076_0.jpg,867076_1.jpg,594043_2.jpg,867076_2.jpg,594043_3.jpg,867076_3.jpg,68486_1.jpg,68486_0.jpg,12267_0.jpg,58488_0.jpg,70208_1.jpg
143,332496_0.jpg,174029_1.jpg,174029_0.jpg,279668_0.jpg,982159_0.jpg,34029_1.jpg,1448807_0.jpg,329476_0.jpg,398364_0.jpg,416842_0.jpg,284582_3.jpg
144,3443_0.jpg,3443_1.jpg,52318_1.jpg,52318_2.jpg,4695_0.jpg,52318_3.jpg,31493_3.jpg,371178_0.jpg,249007_0.jpg,128547_0.jpg,59759_1.jpg
145,67441_0.jpg,317204_0.jpg,54720_1.jpg,641459_2.jpg,313745_0.jpg,1226413_2.jpg,12267_0.jpg,68486_0.jpg,27320_0.jpg,58488_0.jpg,294599_0.jpg
146,34029_0.jpg,152138_2.jpg,1226413_0.jpg,73039_0.jpg,352891_0.jpg,68486_0.jpg,68486_1.jpg,59759_1.jpg,594043_2.jpg,594043_3.jpg,867076_3.jpg
147,145708_0.jpg,89222_0.jpg,215959_0.jpg,113815_0.jpg,8466_0.jpg,255975_0.jpg,154394_0.jpg,52318_2.jpg,292897_1.jpg,54720_1.jpg,641459_3.jpg
148,306301_0.jpg,83344_0.jpg,128547_1.jpg,146287_2.jpg,133441_0.jpg,259841_0.jpg,153842_2.jpg,31493_0.jpg,154394_2.jpg,306301_1.jpg,358941_2.jpg
149,306301_2.jpg,306301_1.jpg,154394_2.jpg,133441_0.jpg,60820_2.jpg,158253_2.jpg,158253_1.jpg,146287_2.jpg,83344_0.jpg,146287_3.jpg,154394_1.jpg
150,179764_0.jpg,76829_1.jpg,579615_0.jpg,284582_0.jpg,131615_0.jpg,1326334_0.jpg,3443_1.jpg,154394_0.jpg,59759_1.jpg,71106_0.jpg,152138_2.jpg
151,199417_0.jpg,31493_2.jpg,27145_0.jpg,59759_0.jpg,27145_3.jpg,175043_0.jpg,31493_3.jpg,175043_1.jpg,292897_0.jpg,27145_2.jpg,76829_0.jpg
152,182672_0.jpg,182672_1.jpg,185639_0.jpg,1404618_0.jpg,175043_1.jpg,1226413_0.jpg,1420575_0.jpg,2237918_0.jpg,113074_2.jpg,1107015_0.jpg,76829_1.jpg
153,867076_2.jpg,594043_2.jpg,867076_0.jpg,867076_3.jpg,867076_1.jpg,68486_1.jpg,68486_0.jpg,594043_3.jpg,12267_0.jpg,70208_1.jpg,58488_0.jpg
154,358941_3.jpg,10683_1.jpg,2237918_0.jpg,1326334_0.jpg,113815_0.jpg,2805603_0.jpg,73039_2.jpg,132747_0.jpg,113074_1.jpg,227954_1.jpg,131615_0.jpg
155,31493_2.jpg,31493_3.jpg,38356_0.jpg,27145_3.jpg,52318_2.jpg,59759_0.jpg,199417_0.jpg,52318_3.jpg,3443_0.jpg,27145_0.jpg,52318_1.jpg
156,317204_0.jpg,58341_2.jpg,313745_0.jpg,32006_0.jpg,329476_0.jpg,398364_0.jpg,174029_1.jpg,174029_0.jpg,279668_0.jpg,5935_0.jpg,982159_0.jpg
157,982159_0.jpg,1448807_0.jpg,34029_1.jpg,329476_0.jpg,174029_1.jpg,398364_0.jpg,174029_0.jpg,279668_0.jpg,1019341_0.jpg,27892_0.jpg,5935_0.jpg
158,111884_0.jpg,518741_0.jpg,253484_0.jpg,152138_2.jpg,158465_3.jpg,133441_1.jpg,111884_1.jpg,7897_1.jpg,69267_1.jpg,1226413_1.jpg,4695_0.jpg
159,1249554_0.jpg,2355517_0.jpg,416842_0.jpg,1019341_0.jpg,982159_0.jpg,1226413_2.jpg,398364_0.jpg,27320_0.jpg,58488_0.jpg,12267_0.jpg,313745_0.jpg
160,111884_1.jpg,358541_0.jpg,7897_1.jpg,111884_0.jpg,227211_0.jpg,7897_0.jpg,124662_0.jpg,493557_1.jpg,7897_2.jpg,207219_3.jpg,224545_0.jpg
161,713362_0.jpg,1839191_0.jpg,164307_0.jpg,133441_0.jpg,146287_2.jpg,113815_0.jpg,317951_1.jpg,64589_0.jpg,153842_0.jpg,128547_1.jpg,1959992_0.jpg
162,668068_1.jpg,2561085_2.jpg,6095_2.jpg,6095_0.jpg,668068_0.jpg,1404618_0.jpg,52318_1.jpg,2561085_0.jpg,263295_0.jpg,52318_2.jpg,59365_0.jpg
163,704279_0.jpg,371178_0.jpg,48056_2.jpg,62589_0.jpg,317951_0.jpg,156937_0.jpg,3443_1.jpg,52318_1.jpg,52318_3.jpg,579615_0.jpg,48056_1.jpg
164,31493_3.jpg,31493_2.jpg,3443_0.jpg,59759_0.jpg,52318_1.jpg,38356_0.jpg,3443_1.jpg,27145_3.jpg,52318_2.jpg,52318_3.jpg,27145_0.jpg
165,358941_2.jpg,358941_1.jpg,358941_0.jpg,1736001_0.jpg,142455_1.jpg,10683_1.jpg,128547_1.jpg,73346_0.jpg,153842_0.jpg,52318_0.jpg,97571_1.jpg
166,867076_3.jpg,68486_1.jpg,867076_2.jpg,594043_2.jpg,867076_1.jpg,867076_0.jpg,594043_3.jpg,68486_0.jpg,12267_0.jpg,58488_0.jpg,27320_0.jpg
167,182672_1.jpg,182672_0.jpg,185639_0.jpg,1404618_0.jpg,175043_1.jpg,2237918_0.jpg,1226413_0.jpg,1420575_0.jpg,113074_2.jpg,1107015_0.jpg,113074_1.jpg
168,306301_3.jpg,371178_2.jpg,154394_1.jpg,133441_0.jpg,306301_1.jpg,179745_0.jpg,133441_2.jpg,31493_1.jpg,6095_1.jpg,1959992_0.jpg,2561085_1.jpg
169,61285_2.jpg,523270_0.jpg,32006_0.jpg,1249554_0.jpg,2355517_0.jpg,313745_0.jpg,982159_0.jpg,58488_0.jpg,279668_0.jpg,416842_0.jpg,1019341_0.jpg
170,128547_1.jpg,358941_2.jpg,128547_2.jpg,1736001_0.jpg,358941_1.jpg,146287_2.jpg,152138_1.jpg,31493_0.jpg,152138_0.jpg,52318_0.jpg,175043_1.jpg
171,358541_1.jpg,124662_2.jpg,313745_0.jpg,255975_0.jpg,398364_0.jpg,27892_1.jpg,284582_3.jpg,1249554_0.jpg,77238_0.jpg,1019341_0.jpg,174029_0.jpg
172,82327_0.jpg,6700_1.jpg,227954_0.jpg,65751_0.jpg,28598_0.jpg,50913_0.jpg,9963_1.jpg,77238_1.jpg,133441_2.jpg,207219_2.jpg,179745_0.jpg
173,594043_3.jpg,867076_1.jpg,867076_0.jpg,594043_2.jpg,867076_3.jpg,68486_1.jpg,867076_2.jpg,68486_0.jpg,58488_0.jpg,12267_0.jpg,27320_0.jpg
174,343250_1.jpg,317951_1.jpg,5935_1.jpg,713362_0.jpg,1959992_0.jpg,154394_1.jpg,133441_0.jpg,113815_0.jpg,358941_3.jpg,1839191_0.jpg,343250_3.jpg
175,174477_0.jpg,200225_3.jpg,200225_2.jpg,200225_0.jpg,200225_1.jpg,445476_0.jpg,237396_0.jpg,2355819_0.jpg,174477_1.jpg,9963_1.jpg,566684_0.jpg
176,627001_0.jpg,641775_0.jpg,518741_0.jpg,1226413_1.jpg,579615_0.jpg,158465_3.jpg,253484_0.jpg,54720_1.jpg,523270_0.jpg,255975_0.jpg,71106_0.jpg
177,52318_1.jpg,3443_0.jpg,704279_0.jpg,48056_2.jpg,48056_1.jpg,31493_3.jpg,3443_1.jpg,668068_1.jpg,2561085_2.jpg,6095_2.jpg,52318_3.jpg
178,1736001_0.jpg,358941_2.jpg,73346_0.jpg,142455_1.jpg,153842_0.jpg,358941_1.jpg,128547_1.jpg,10683_1.jpg,237396_0.jpg,668068_1.jpg,2561085_2.jpg
179,102007_0.jpg,10683_1.jpg,1326334_0.jpg,76829_1.jpg,284582_2.jpg,358941_1.jpg,358941_3.jpg,169833_1.jpg,97571_1.jpg,104329_0.jpg,27892_3.jpg
180,237396_0.jpg,358941_2.jpg,142455_1.jpg,1736001_0.jpg,292897_0.jpg,119362_0.jpg,10683_1.jpg,2813191_0.jpg,358941_1.jpg,73346_0.jpg,153842_0.jpg
181,200225_3.jpg,200225_2.jpg,200225_0.jpg,200225_1.jpg,119362_0.jpg,174477_0.jpg,249007_0.jpg,237396_0.jpg,292897_0.jpg,2237918_0.jpg,227812_0.jpg
182,2471963_0.jpg,452941_0.jpg,452941_1.jpg,152138_1.jpg,358941_1.jpg,10683_1.jpg,152138_0.jpg,97571_1.jpg,119362_0.jpg,113074_2.jpg,182672_1.jpg
183,2355819_0.jpg,174477_1.jpg,69399_0.jpg,9963_1.jpg,108240_0.jpg,28598_0.jpg,358941_1.jpg,31493_1.jpg,445476_0.jpg,108240_1.jpg,10276_0.jpg
184,200225_3.jpg,200225_2.jpg,200225_0.jpg,200225_1.jpg,119362_0.jpg,174477_0.jpg,249007_0.jpg,237396_0.jpg,292897_0.jpg,2237918_0.jpg,227812_0.jpg
185,52318_0.jpg,52318_3.jpg,52318_2.jpg,128547_2.jpg,131615_1.jpg,358941_0.jpg,76829_1.jpg,152138_0.jpg,31493_0.jpg,146287_0.jpg,152138_1.jpg
186,32006_0.jpg,317204_0.jpg,313745_0.jpg,1249554_0.jpg,284582_3.jpg,66440_0.jpg,294599_0.jpg,1019341_0.jpg,398364_0.jpg,416842_0.jpg,523270_0.jpg
187,174477_1.jpg,2355819_0.jpg,10276_1.jpg,10276_2.jpg,10276_0.jpg,9963_1.jpg,34195_0.jpg,445476_0.jpg,108240_0.jpg,358941_1.jpg,142455_1.jpg
188,343250_0.jpg,608658_0.jpg,154394_0.jpg,69267_1.jpg,27892_1.jpg,59365_0.jpg,54720_1.jpg,128547_0.jpg,167175_0.jpg,202734_0.jpg,111884_0.jpg
189,594043_2.jpg,867076_2.jpg,867076_0.jpg,867076_1.jpg,867076_3.jpg,594043_3.jpg,68486_0.jpg,68486_1.jpg,12267_0.jpg,58488_0.jpg,70208_1.jpg
190,1019341_0.jpg,398364_0.jpg,416842_0.jpg,982159_0.jpg,1249554_0.jpg,174029_0.jpg,124662_2.jpg,174029_1.jpg,317145_0.jpg,284582_3.jpg,313745_0.jpg
191,358541_0.jpg,224545_0.jpg,7897_0.jpg,227211_0.jpg,7897_2.jpg,493557_1.jpg,7897_1.jpg,493557_0.jpg,111884_1.jpg,111884_0.jpg,152138_2.jpg
192,128547_0.jpg,69267_1.jpg,4695_0.jpg,128547_2.jpg,152138_2.jpg,154394_0.jpg,1404618_0.jpg,3443_1.jpg,152138_0.jpg,152138_1.jpg,54720_1.jpg
193,61285_3.jpg,158253_2.jpg,158253_1.jpg,154394_2.jpg,153842_2.jpg,133441_0.jpg,317951_1.jpg,154394_1.jpg,306301_0.jpg,713362_0.jpg,31493_1.jpg
194,9963_2.jpg,173417_1.jpg,173417_0.jpg,207219_1.jpg,173417_2.jpg,73039_3.jpg,108240_1.jpg,50913_1.jpg,50913_0.jpg,158253_0.jpg,17592_0.jpg
195,9963_0.jpg,140288_0.jpg,174474_0.jpg,185639_0.jpg,104329_0.jpg,93066_0.jpg,1226413_0.jpg,6700_0.jpg,243571_0.jpg,10683_1.jpg,131615_0.jpg
196,61285_1.jpg,61285_0.jpg,128547_1.jpg,31493_0.jpg,28993_0.jpg,84331_0.jpg,153842_2.jpg,1839191_0.jpg,113074_0.jpg,259841_0.jpg,174477_2.jpg
197,128547_2.jpg,128547_0.jpg,152138_1.jpg,152138_0.jpg,69267_1.jpg,69267_0.jpg,76829_1.jpg,4695_0.jpg,175043_1.jpg,1420575_0.jpg,146287_0.jpg
198,83344_0.jpg,146287_2.jpg,60820_3.jpg,60820_2.jpg,60820_1.jpg,128547_1.jpg,306301_0.jpg,133441_2.jpg,146287_3.jpg,37983_0.jpg,133441_0.jpg
199,518741_0.jpg,627001_0.jpg,641775_0.jpg,1226413_1.jpg,253484_0.jpg,111884_0.jpg,71106_0.jpg,579615_0.jpg,152138_2.jpg,158465_3.jpg,133441_1.jpg
200,317951_1.jpg,133441_0.jpg,713362_0.jpg,1959992_0.jpg,154394_1.jpg,343250_1.jpg,113815_0.jpg,358941_3.jpg,1839191_0.jpg,164307_0.jpg,5935_1.jpg
201,2504691_0.jpg,10683_1.jpg,2237918_0.jpg,452941_1.jpg,452941_0.jpg,108240_1.jpg,2471963_0.jpg,2813191_0.jpg,9963_1.jpg,370006_1.jpg,292897_0.jpg
202,343250_2.jpg,641459_2.jpg,133441_1.jpg,152138_2.jpg,58488_0.jpg,1226413_2.jpg,62589_0.jpg,156937_0.jpg,371178_0.jpg,58341_2.jpg,313745_0.jpg
203,167175_0.jpg,1420575_0.jpg,59365_0.jpg,27145_3.jpg,1404618_0.jpg,76829_1.jpg,154394_0.jpg,152138_0.jpg,1226413_0.jpg,128547_0.jpg,69267_1.jpg
204,52318_2.jpg,52318_3.jpg,3443_1.jpg,131615_1.jpg,154394_0.jpg,4695_0.jpg,249007_0.jpg,131615_0.jpg,3443_0.jpg,73039_2.jpg,128547_0.jpg
205,227954_1.jpg,174474_0.jpg,132747_0.jpg,9963_0.jpg,2805603_0.jpg,1226413_0.jpg,358941_3.jpg,140288_0.jpg,307604_0.jpg,2237918_0.jpg,641459_3.jpg
206,200225_3.jpg,200225_2.jpg,200225_0.jpg,200225_1.jpg,119362_0.jpg,174477_0.jpg,249007_0.jpg,237396_0.jpg,292897_0.jpg,2237918_0.jpg,227812_0.jpg
207,200225_3.jpg,200225_2.jpg,200225_0.jpg,200225_1.jpg,119362_0.jpg,174477_0.jpg,249007_0.jpg,237396_0.jpg,292897_0.jpg,2237918_0.jpg,227812_0.jpg
208,557972_0.jpg,202734_0.jpg,59365_0.jpg,343250_0.jpg,608658_0.jpg,89222_0.jpg,167175_0.jpg,207219_3.jpg,1326334_0.jpg,207219_0.jpg,27892_1.jpg
209,164307_0.jpg,713362_0.jpg,1839191_0.jpg,153842_0.jpg,358941_1.jpg,31493_1.jpg,259841_0.jpg,113815_0.jpg,133441_0.jpg,358941_2.jpg,146287_2.jpg
210,227954_0.jpg,77238_1.jpg,9963_1.jpg,82327_0.jpg,169833_0.jpg,169833_1.jpg,6700_0.jpg,140288_0.jpg,6700_1.jpg,185639_0.jpg,182672_0.jpg
211,52318_3.jpg,52318_2.jpg,3443_1.jpg,131615_1.jpg,52318_0.jpg,154394_0.jpg,3443_0.jpg,4695_0.jpg,249007_0.jpg,704279_0.jpg,131615_0.jpg
212,174477_2.jpg,78269_2.jpg,1226413_0.jpg,113074_1.jpg,71106_0.jpg,113074_0.jpg,131615_0.jpg,292897_1.jpg,154394_0.jpg,152138_2.jpg,1107015_0.jpg
213,343250_3.jpg,113815_0.jpg,145708_0.jpg,358941_3.jpg,2805603_0.jpg,52318_2.jpg,307604_0.jpg,113074_2.jpg,641459_3.jpg,215959_0.jpg,1326334_0.jpg
214,317951_0.jpg,62589_0.jpg,156937_0.jpg,71106_0.jpg,66440_0.jpg,371178_0.jpg,579615_0.jpg,58341_2.jpg,317204_0.jpg,32006_0.jpg,313745_0.jpg
215,61285_0.jpg,61285_1.jpg,128547_1.jpg,31493_0.jpg,28993_0.jpg,84331_0.jpg,113074_0.jpg,174477_2.jpg,1839191_0.jpg,259841_0.jpg,1959992_0.jpg
216,9963_1.jpg,28598_0.jpg,104329_0.jpg,158253_0.jpg,185639_0.jpg,140288_0.jpg,358941_1.jpg,9963_0.jpg,452941_1.jpg,370006_1.jpg,566684_0.jpg
217,173417_2.jpg,173417_0.jpg,173417_1.jpg,17592_0.jpg,108240_1.jpg,28598_0.jpg,10276_2.jpg,108240_0.jpg,10276_0.jpg,10276_1.jpg,158253_0.jpg
218,207219_0.jpg,207219_3.jpg,169833_0.jpg,69267_2.jpg,140288_0.jpg,111884_1.jpg,557972_0.jpg,207219_2.jpg,54720_0.jpg,202734_0.jpg,77449_1.jpg
219,1226413_2.jpg,1249554_0.jpg,12267_0.jpg,182075_0.jpg,58488_0.jpg,68486_1.jpg,27320_0.jpg,982159_0.jpg,68486_0.jpg,2355517_0.jpg,398364_0.jpg
220,93066_0.jpg,47230_0.jpg,9963_0.jpg,104329_0.jpg,140288_0.jpg,185639_0.jpg,174474_0.jpg,97571_0.jpg,566684_0.jpg,243571_0.jpg,158253_0.jpg
221,1794213_0.jpg,292897_0.jpg,299814_1.jpg,1839191_0.jpg,713362_0.jpg,237396_0.jpg,1736001_0.jpg,128547_1.jpg,2504691_0.jpg,358941_2.jpg,2355819_0.jpg
222,207219_1.jpg,9963_2.jpg,153842_3.jpg,73039_3.jpg,50913_1.jpg,50913_0.jpg,173417_1.jpg,173417_0.jpg,108240_1.jpg,202734_1.jpg,158253_0.jpg
223,627001_0.jpg,641775_0.jpg,518741_0.jpg,1226413_1.jpg,579615_0.jpg,158465_3.jpg,253484_0.jpg,54720_1.jpg,523270_0.jpg,255975_0.jpg,71106_0.jpg
224,71106_0.jpg,156937_0.jpg,579615_0.jpg,523270_0.jpg,317951_0.jpg,152138_2.jpg,518741_0.jpg,66440_0.jpg,182075_0.jpg,58488_0.jpg,32006_0.jpg
225,78269_2.jpg,174477_2.jpg,523270_0.jpg,71106_0.jpg,152138_2.jpg,58488_0.jpg,154394_0.jpg,2355517_0.jpg,69267_1.jpg,1226413_0.jpg,292897_1.jpg
226,182075_0.jpg,1226413_2.jpg,1249554_0.jpg,32006_0.jpg,2355517_0.jpg,594043_3.jpg,58488_0.jpg,317204_0.jpg,12267_0.jpg,27320_0.jpg,58341_2.jpg
227,1404618_0.jpg,1226413_0.jpg,152138_2.jpg,128547_0.jpg,182672_0.jpg,1420575_0.jpg,4695_0.jpg,182672_1.jpg,69267_1.jpg,167175_0.jpg,249007_0.jpg
228,173417_1.jpg,173417_0.jpg,173417_2.jpg,108240_1.jpg,108240_0.jpg,17592_0.jpg,10276_2.jpg,9963_2.jpg,10276_0.jpg,10276_1.jpg,158253_0.jpg
229,207219_3.jpg,207219_0.jpg,867076_2.jpg,69267_2.jpg,867076_0.jpg,594043_2.jpg,54720_0.jpg,867076_1.jpg,152138_2.jpg,111884_1.jpg,867076_3.jpg
230,2355517_0.jpg,1249554_0.jpg,523270_0.jpg,1226413_2.jpg,416842_0.jpg,58488_0.jpg,1572390_0.jpg,1019341_0.jpg,27320_0.jpg,12267_0.jpg,182075_0.jpg
231,681146_0.jpg,294599_0.jpg,1572390_0.jpg,313745_0.jpg,8466_0.jpg,344752_0.jpg,32006_0.jpg,284582_3.jpg,523270_0.jpg,255975_0.jpg,332496_0.jpg
232,1226413_1.jpg,518741_0.jpg,627001_0.jpg,641775_0.jpg,1226413_0.jpg,152138_2.jpg,1420575_0.jpg,158465_3.jpg,111884_0.jpg,253484_0.jpg,523270_0.jpg
233,119362_0.jpg,249007_0.jpg,10683_1.jpg,113074_2.jpg,1404618_0.jpg,4695_0.jpg,2237918_0.jpg,292897_0.jpg,2805603_0.jpg,371178_3.jpg,52318_2.jpg
234,1226413_0.jpg,152138_2.jpg,1226413_1.jpg,1404618_0.jpg,2355517_0.jpg,154394_0.jpg,1572390_0.jpg,523270_0.jpg,131615_0.jpg,1420575_0.jpg,4695_0.jpg
235,132747_0.jpg,215959_0.jpg,1226413_1.jpg,1107015_0.jpg,227954_1.jpg,1420575_0.jpg,76829_3.jpg,627001_0.jpg,641775_0.jpg,518741_0.jpg,113074_2.jpg
236,207219_2.jpg,140288_0.jpg,174474_0.jpg,47230_1.jpg,27892_3.jpg,9963_0.jpg,207219_0.jpg,557972_0.jpg,202734_0.jpg,17592_0.jpg,6700_0.jpg
237,173417_0.jpg,173417_1.jpg,173417_2.jpg,108240_1.jpg,108240_0.jpg,10276_2.jpg,10276_0.jpg,10276_1.jpg,17592_0.jpg,28598_0.jpg,158253_0.jpg
238,6095_1.jpg,2561085_1.jpg,133441_0.jpg,317951_1.jpg,202734_1.jpg,306301_3.jpg,1839191_0.jpg,1959992_0.jpg,153842_1.jpg,713362_0.jpg,153842_0.jpg
239,158253_2.jpg,158253_1.jpg,154394_2.jpg,146287_3.jpg,133441_2.jpg,133441_0.jpg,146287_2.jpg,65751_0.jpg,31493_1.jpg,6700_1.jpg,153842_2.jpg
240,6700_1.jpg,65751_0.jpg,82327_0.jpg,371178_2.jpg,179745_0.jpg,133441_2.jpg,50913_0.jpg,227954_0.jpg,358941_1.jpg,169833_1.jpg,28598_0.jpg
241,1448807_0.jpg,34029_1.jpg,27892_0.jpg,982159_0.jpg,329476_0.jpg,601020_0.jpg,174029_1.jpg,279668_0.jpg,174029_0.jpg,398364_0.jpg,332496_0.jpg
242,133441_1.jpg,343250_2.jpg,518741_0.jpg,62589_0.jpg,7897_2.jpg,111884_0.jpg,253484_0.jpg,641459_2.jpg,146287_1.jpg,152138_2.jpg,7897_0.jpg
243,1326334_0.jpg,179764_0.jpg,59365_0.jpg,518741_0.jpg,1420575_0.jpg,76829_1.jpg,167175_0.jpg,113815_0.jpg,154394_0.jpg,215959_0.jpg,1226413_1.jpg
244,133441_0.jpg,133441_2.jpg,146287_2.jpg,713362_0.jpg,154394_2.jpg,158253_1.jpg,158253_2.jpg,31493_1.jpg,1839191_0.jpg,317951_1.jpg,371178_2.jpg
245,89222_0.jpg,8466_0.jpg,215959_0.jpg,145708_0.jpg,202734_0.jpg,608658_0.jpg,620123_0.jpg,344752_0.jpg,307604_0.jpg,124662_1.jpg,59365_0.jpg
246,174474_0.jpg,140288_0.jpg,9963_0.jpg,227954_1.jpg,93066_0.jpg,207219_2.jpg,104329_0.jpg,185639_0.jpg,6700_0.jpg,17592_0.jpg,47230_0.jpg
247,263295_0.jpg,307604_0.jpg,59365_0.jpg,27892_1.jpg,48056_2.jpg,255975_0.jpg,344752_0.jpg,167175_0.jpg,371178_0.jpg,4695_0.jpg,152138_2.jpg
248,6700_0.jpg,17592_0.jpg,158253_0.jpg,47230_1.jpg,140288_0.jpg,9963_0.jpg,185639_0.jpg,93066_0.jpg,104329_0.jpg,174474_0.jpg,9963_1.jpg
249,6095_0.jpg,668068_0.jpg,2561085_0.jpg,668068_1.jpg,2561085_2.jpg,6095_2.jpg,27892_2.jpg,142455_1.jpg,1736001_0.jpg,52318_1.jpg,73346_0.jpg
250,47230_1.jpg,6700_0.jpg,17592_0.jpg,158253_0.jpg,73039_1.jpg,140288_0.jpg,207219_2.jpg,9963_0.jpg,174474_0.jpg,97571_0.jpg,27892_3.jpg
251,175043_1.jpg,175043_0.jpg,182672_0.jpg,182672_1.jpg,1420575_0.jpg,76829_1.jpg,131615_0.jpg,76829_0.jpg,128547_2.jpg,185639_0.jpg,1404618_0.jpg
252,131615_0.jpg,131615_1.jpg,154394_0.jpg,1226413_0.jpg,76829_0.jpg,52318_2.jpg,76829_1.jpg,59759_1.jpg,73039_0.jpg,175043_1.jpg,1420575_0.jpg
253,668068_1.jpg,2561085_2.jpg,6095_2.jpg,6095_0.jpg,668068_0.jpg,1404618_0.jpg,52318_1.jpg,2561085_0.jpg,263295_0.jpg,52318_2.jpg,59365_0.jpg
254,158253_1.jpg,158253_2.jpg,154394_2.jpg,133441_2.jpg,146287_3.jpg,133441_0.jpg,146287_2.jpg,65751_0.jpg,31493_1.jpg,6700_1.jpg,154394_1.jpg
255,4695_0.jpg,152138_2.jpg,128547_0.jpg,3443_1.jpg,1572390_0.jpg,69267_1.jpg,371178_0.jpg,52318_2.jpg,154394_0.jpg,1404618_0.jpg,1226413_0.jpg
256,68486_1.jpg,68486_0.jpg,12267_0.jpg,867076_3.jpg,27320_0.jpg,58488_0.jpg,867076_2.jpg,594043_2.jpg,594043_3.jpg,867076_1.jpg,867076_0.jpg
257,2237918_0.jpg,113074_1.jpg,185639_0.jpg,182672_1.jpg,10683_1.jpg,182672_0.jpg,113074_2.jpg,2805603_0.jpg,119362_0.jpg,1107015_0.jpg,1226413_0.jpg
258,345269_0.jpg,352891_0.jpg,445476_0.jpg,370006_1.jpg,452941_1.jpg,69399_0.jpg,185639_0.jpg,97571_1.jpg,142455_0.jpg,358941_1.jpg,10683_1.jpg
259,77238_0.jpg,124662_2.jpg,358541_1.jpg,398364_0.jpg,1019341_0.jpg,284582_3.jpg,416842_0.jpg,313745_0.jpg,371178_0.jpg,174029_0.jpg,1249554_0.jpg
260,243571_0.jpg,59759_1.jpg,47230_0.jpg,370006_1.jpg,352891_0.jpg,9963_0.jpg,370006_0.jpg,97571_0.jpg,681146_0.jpg,566684_0.jpg,140288_0.jpg
261,133441_2.jpg,133441_0.jpg,65751_0.jpg,146287_2.jpg,6700_1.jpg,371178_2.jpg,158253_1.jpg,169833_1.jpg,158253_2.jpg,358941_1.jpg,82327_0.jpg
262,171933_0.jpg,164307_0.jpg,306301_3.jpg,179745_0.jpg,259841_0.jpg,371178_2.jpg,133441_0.jpg,102007_0.jpg,358941_1.jpg,358941_3.jpg,306301_1.jpg
263,133441_3.jpg,37983_0.jpg,7897_1.jpg,111884_0.jpg,7897_0.jpg,133441_1.jpg,124662_0.jpg,152138_1.jpg,146287_0.jpg,7897_2.jpg,152138_0.jpg
264,77238_1.jpg,169833_0.jpg,169833_1.jpg,227954_0.jpg,202734_0.jpg,557972_0.jpg,28993_0.jpg,37983_0.jpg,132747_0.jpg,207219_0.jpg,158465_1.jpg
265,352891_0.jpg,97571_0.jpg,59759_1.jpg,243571_0.jpg,73039_0.jpg,370006_1.jpg,34029_0.jpg,9963_0.jpg,93066_0.jpg,47230_0.jpg,185639_0.jpg
266,68486_0.jpg,68486_1.jpg,12267_0.jpg,27320_0.jpg,58488_0.jpg,867076_2.jpg,594043_2.jpg,867076_3.jpg,594043_3.jpg,867076_1.jpg,867076_0.jpg
267,158253_0.jpg,6700_0.jpg,17592_0.jpg,47230_1.jpg,566684_0.jpg,140288_0.jpg,9963_1.jpg,9963_0.jpg,93066_0.jpg,185639_0.jpg,50913_1.jpg
268,1839191_0.jpg,153842_0.jpg,713362_0.jpg,1736001_0.jpg,146287_2.jpg,113815_0.jpg,358941_2.jpg,358941_1.jpg,77238_1.jpg,164307_0.jpg,1959992_0.jpg
269,249007_0.jpg,119362_0.jpg,52318_2.jpg,3443_1.jpg,1107015_0.jpg,1404618_0.jpg,52318_3.jpg,113074_2.jpg,131615_0.jpg,4695_0.jpg,128547_0.jpg
270,131615_1.jpg,131615_0.jpg,154394_0.jpg,52318_2.jpg,52318_3.jpg,73039_2.jpg,59759_1.jpg,641459_1.jpg,128547_2.jpg,152138_1.jpg,3443_1.jpg
271,175043_0.jpg,175043_1.jpg,59759_0.jpg,445476_0.jpg,292897_0.jpg,199417_0.jpg,10683_1.jpg,27145_3.jpg,31493_2.jpg,76829_0.jpg,113074_0.jpg
272,47230_0.jpg,93066_0.jpg,97571_0.jpg,243571_0.jpg,9963_0.jpg,566684_0.jpg,140288_0.jpg,352891_0.jpg,174474_0.jpg,73039_2.jpg,17592_0.jpg
273,259470_0.jpg,193239_1.jpg,108240_1.jpg,108240_0.jpg,142455_0.jpg,69399_0.jpg,2504691_0.jpg,259841_1.jpg,28598_0.jpg,193239_0.jpg,9963_1.jpg
274,77449_1.jpg,77449_0.jpg,54720_0.jpg,69267_2.jpg,76829_1.jpg,207219_3.jpg,152138_0.jpg,152138_1.jpg,124662_0.jpg,493557_2.jpg,111884_1.jpg
275,154394_1.jpg,133441_0.jpg,306301_3.jpg,306301_1.jpg,154394_2.jpg,317951_1.jpg,133441_2.jpg,158253_1.jpg,158253_2.jpg,371178_2.jpg,713362_0.jpg
276,60820_1.jpg,60820_3.jpg,60820_2.jpg,493557_2.jpg,69267_0.jpg,83344_0.jpg,128547_1.jpg,169833_1.jpg,224545_1.jpg,37983_0.jpg,146287_0.jpg
277,227812_0.jpg,249007_0.jpg,52318_2.jpg,119362_0.jpg,52318_3.jpg,371178_3.jpg,668068_1.jpg,2561085_2.jpg,6095_2.jpg,1404618_0.jpg,292897_0.jpg
278,58341_2.jpg,317204_0.jpg,5935_0.jpg,32006_0.jpg,313745_0.jpg,329476_0.jpg,601020_0.jpg,641459_2.jpg,279668_0.jpg,398364_0.jpg,27892_0.jpg
279,17592_0.jpg,6700_0.jpg,158253_0.jpg,47230_1.jpg,140288_0.jpg,93066_0.jpg,174474_0.jpg,9963_0.jpg,173417_2.jpg,566684_0.jpg,47230_0.jpg
280,146287_2.jpg,146287_3.jpg,133441_2.jpg,83344_0.jpg,133441_0.jpg,128547_1.jpg,1839191_0.jpg,358941_1.jpg,358941_2.jpg,65751_0.jpg,153842_0.jpg
281,108240_1.jpg,108240_0.jpg,173417_2.jpg,173417_0.jpg,259470_0.jpg,193239_1.jpg,28598_0.jpg,173417_1.jpg,50913_1.jpg,158253_0.jpg,9963_1.jpg
282,27892_3.jpg,140288_0.jpg,9963_0.jpg,104329_0.jpg,179745_0.jpg,207219_2.jpg,97571_0.jpg,97571_1.jpg,358941_1.jpg,93066_0.jpg,174474_0.jpg
283,7897_3.jpg,106696_1.jpg,106696_0.jpg,493557_2.jpg,224545_1.jpg,69267_2.jpg,169833_0.jpg,77449_1.jpg,77449_0.jpg,207219_0.jpg,202734_0.jpg
284,158465_2.jpg,158465_3.jpg,182075_0.jpg,343250_2.jpg,518741_0.jpg,152138_2.jpg,71106_0.jpg,1226413_2.jpg,111884_0.jpg,2355517_0.jpg,1226413_1.jpg
285,158465_3.jpg,158465_2.jpg,518741_0.jpg,158465_1.jpg,111884_0.jpg,1226413_1.jpg,253484_0.jpg,627001_0.jpg,641775_0.jpg,579615_0.jpg,1420575_0.jpg
286,7897_2.jpg,7897_0.jpg,7897_1.jpg,358541_0.jpg,224545_0.jpg,133441_1.jpg,227211_0.jpg,111884_0.jpg,343250_2.jpg,111884_1.jpg,518741_0.jpg
287,27892_2.jpg,6095_0.jpg,2561085_0.jpg,668068_1.jpg,2561085_2.jpg,6095_2.jpg,668068_0.jpg,27892_3.jpg,10683_1.jpg,2813191_0.jpg,59365_0.jpg
288,124662_2.jpg,398364_0.jpg,358541_1.jpg,174029_0.jpg,1019341_0.jpg,313745_0.jpg,174029_1.jpg,77238_0.jpg,284582_3.jpg,416842_0.jpg,982159_0.jpg
289,108240_0.jpg,10276_2.jpg,10276_0.jpg,10276_1.jpg,28598_0.jpg,193239_1.jpg,108240_1.jpg,142455_0.jpg,69399_0.jpg,158253_0.jpg,9963_1.jpg
290,146287_3.jpg,146287_2.jpg,158253_2.jpg,65751_1.jpg,158253_1.jpg,133441_2.jpg,65751_0.jpg,60820_2.jpg,60820_1.jpg,1839191_0.jpg,83344_0.jpg
291,227211_0.jpg,493557_1.jpg,224545_0.jpg,493557_0.jpg,358541_0.jpg,54720_0.jpg,7897_0.jpg,111884_1.jpg,7897_2.jpg,7897_1.jpg,867076_2.jpg
292,227812_1.jpg,237396_0.jpg,227812_0.jpg,83700_0.jpg,153842_1.jpg,358941_2.jpg,1839191_0.jpg,153842_0.jpg,1736001_0.jpg,142455_1.jpg,164307_0.jpg
293,154394_0.jpg,152138_2.jpg,131615_1.jpg,1226413_0.jpg,69267_1.jpg,131615_0.jpg,518741_0.jpg,128547_0.jpg,343250_0.jpg,608658_0.jpg,52318_2.jpg
294,77449_1.jpg,77449_0.jpg,54720_0.jpg,69267_2.jpg,76829_1.jpg,207219_3.jpg,152138_0.jpg,152138_1.jpg,124662_0.jpg,493557_2.jpg,111884_1.jpg
295,58488_0.jpg,27320_0.jpg,12267_0.jpg,68486_1.jpg,68486_0.jpg,594043_3.jpg,1226413_2.jpg,1249554_0.jpg,867076_3.jpg,2355517_0.jpg,594043_2.jpg
296,154394_2.jpg,158253_1.jpg,158253_2.jpg,133441_0.jpg,133441_2.jpg,154394_1.jpg,153842_2.jpg,146287_2.jpg,713362_0.jpg,146287_3.jpg,65751_0.jpg
297,60820_2.jpg,60820_1.jpg,60820_3.jpg,83344_0.jpg,146287_3.jpg,65751_1.jpg,146287_2.jpg,158253_2.jpg,158253_1.jpg,133441_2.jpg,128547_1.jpg
298,185639_0.jpg,182672_1.jpg,182672_0.jpg,9963_0.jpg,2237918_0.jpg,1226413_0.jpg,175043_1.jpg,1404618_0.jpg,140288_0.jpg,445476_0.jpg,104329_0.jpg
299,259841_0.jpg,358941_1.jpg,31493_0.jpg,358941_2.jpg,358941_0.jpg,370006_0.jpg,84331_0.jpg,31493_1.jpg,370006_1.jpg,259841_1.jpg,10683_1.jpg
300,146287_1.jpg,62589_0.jpg,133441_1.jpg,343250_2.jpg,641459_2.jpg,152138_2.jpg,317951_0.jpg,253484_0.jpg,4695_0.jpg,111884_0.jpg,3443_1.jpg
301,50913_0.jpg,50913_1.jpg,6700_1.jpg,82327_0.jpg,158253_0.jpg,6700_0.jpg,371178_2.jpg,133441_2.jpg,284582_2.jpg,179745_0.jpg,227954_0.jpg
302,124662_0.jpg,620123_0.jpg,224545_1.jpg,493557_1.jpg,111884_1.jpg,493557_0.jpg,358541_0.jpg,37983_0.jpg,152138_0.jpg,54720_1.jpg,111884_0.jpg
303,7897_0.jpg,7897_2.jpg,7897_1.jpg,358541_0.jpg,224545_0.jpg,227211_0.jpg,111884_1.jpg,111884_0.jpg,133441_1.jpg,493557_1.jpg,493557_0.jpg
304,27892_0.jpg,601020_0.jpg,34029_1.jpg,1448807_0.jpg,329476_0.jpg,982159_0.jpg,5935_0.jpg,279668_0.jpg,174029_1.jpg,174029_0.jpg,398364_0.jpg
305,59365_0.jpg,307604_0.jpg,167175_0.jpg,263295_0.jpg,215959_0.jpg,1326334_0.jpg,202734_0.jpg,343250_0.jpg,255975_0.jpg,154394_0.jpg,27892_1.jpg
306,158465_1.jpg,158465_3.jpg,1226413_1.jpg,111884_0.jpg,1326334_0.jpg,518741_0.jpg,202734_0.jpg,627001_0.jpg,641775_0.jpg,253484_0.jpg,169833_0.jpg
307,158465_0.jpg,76829_3.jpg,76829_2.jpg,76829_0.jpg,27145_2.jpg,27145_3.jpg,158465_1.jpg,158465_3.jpg,175043_1.jpg,10683_0.jpg,175043_0.jpg
308,27892_1.jpg,255975_0.jpg,358541_1.jpg,8466_0.jpg,294599_0.jpg,1249554_0.jpg,2355517_0.jpg,608658_0.jpg,1226413_2.jpg,523270_0.jpg,313745_0.jpg
309,7897_1.jpg,7897_0.jpg,7897_2.jpg,358541_0.jpg,111884_1.jpg,111884_0.jpg,224545_0.jpg,227211_0.jpg,133441_3.jpg,133441_1.jpg,493557_1.jpg
310,124662_1.jpg,8466_0.jpg,89222_0.jpg,344752_0.jpg,54720_1.jpg,215959_0.jpg,255975_0.jpg,307604_0.jpg,145708_0.jpg,59365_0.jpg,27892_1.jpg
311,50913_1.jpg,50913_0.jpg,158253_0.jpg,284582_2.jpg,9963_1.jpg,108240_1.jpg,566684_0.jpg,82327_0.jpg,27892_3.jpg,6700_0.jpg,28598_0.jpg
312,146287_0.jpg,152138_1.jpg,76829_1.jpg,152138_0.jpg,128547_2.jpg,69267_0.jpg,97571_1.jpg,133441_3.jpg,69267_1.jpg,169833_1.jpg,69267_2.jpg
313,259841_1.jpg,259841_0.jpg,69399_0.jpg,370006_1.jpg,108240_0.jpg,9963_1.jpg,370006_0.jpg,28598_0.jpg,142455_0.jpg,358941_1.jpg,193239_1.jpg
314,307604_0.jpg,59365_0.jpg,263295_0.jpg,215959_0.jpg,255975_0.jpg,27892_1.jpg,167175_0.jpg,8466_0.jpg,52318_2.jpg,4695_0.jpg,7897_2.jpg
315,60820_3.jpg,60820_1.jpg,83344_0.jpg,60820_2.jpg,69267_0.jpg,146287_0.jpg,128547_1.jpg,493557_2.jpg,37983_0.jpg,28993_0.jpg,128547_2.jpg
316,620123_0.jpg,124662_0.jpg,89222_0.jpg,54720_1.jpg,493557_0.jpg,69267_1.jpg,608658_0.jpg,358541_0.jpg,493557_1.jpg,344752_0.jpg,70208_1.jpg
